File Name,File Size (bytes),Algorithm,Operation,Time (s)
pattern_100KB.bin,102400,RSA-2048,Encryption,0.00109100341796875
pattern_100KB.bin,102400,RSA-2048,Decryption,0.002393960952758789
pattern_100KB.bin,102400,RSA-2048,Encryption,8.511543273925781e-05
pattern_100KB.bin,102400,RSA-2048,Decryption,0.0009667873382568359
pattern_100KB.bin,102400,RSA-2048,Encryption,7.605552673339844e-05
pattern_100KB.bin,102400,RSA-2048,Decryption,0.0009610652923583984
pattern_100KB.bin,102400,RSA-2048,Encryption,8.177757263183594e-05
pattern_100KB.bin,102400,RSA-2048,Decryption,0.0010082721710205078
pattern_100KB.bin,102400,RSA-2048,Encryption,7.581710815429688e-05
pattern_100KB.bin,102400,RSA-2048,Decryption,0.0009579658508300781
pattern_100KB.bin,102400,RSA-2048,Encryption,7.319450378417969e-05
pattern_100KB.bin,102400,RSA-2048,Decryption,0.000988006591796875
pattern_100KB.bin,102400,RSA-2048,Encryption,7.390975952148438e-05
pattern_100KB.bin,102400,RSA-2048,Decryption,0.0009469985961914062
pattern_100KB.bin,102400,RSA-2048,Encryption,0.00016570091247558594
pattern_100KB.bin,102400,RSA-2048,Decryption,0.0009641647338867188
pattern_100KB.bin,102400,RSA-2048,Encryption,7.796287536621094e-05
pattern_100KB.bin,102400,RSA-2048,Decryption,0.0009958744049072266
pattern_100KB.bin,102400,RSA-2048,Encryption,8.106231689453125e-05
pattern_100KB.bin,102400,RSA-2048,Decryption,0.0009729862213134766
pattern_100KB.bin,102400,ECC-P256,Signing,0.006195068359375
pattern_100KB.bin,102400,ECC-P256,Verification,0.00015592575073242188
pattern_100KB.bin,102400,ECC-P256,Signing,7.200241088867188e-05
pattern_100KB.bin,102400,ECC-P256,Verification,0.0001430511474609375
pattern_100KB.bin,102400,ECC-P256,Signing,6.890296936035156e-05
pattern_100KB.bin,102400,ECC-P256,Verification,0.000141143798828125
pattern_100KB.bin,102400,ECC-P256,Signing,6.794929504394531e-05
pattern_100KB.bin,102400,ECC-P256,Verification,0.00015687942504882812
pattern_100KB.bin,102400,ECC-P256,Signing,7.224082946777344e-05
pattern_100KB.bin,102400,ECC-P256,Verification,0.0001480579376220703
pattern_100KB.bin,102400,ECC-P256,Signing,6.794929504394531e-05
pattern_100KB.bin,102400,ECC-P256,Verification,0.00013899803161621094
pattern_100KB.bin,102400,ECC-P256,Signing,6.794929504394531e-05
pattern_100KB.bin,102400,ECC-P256,Verification,0.00013899803161621094
pattern_100KB.bin,102400,ECC-P256,Signing,7.295608520507812e-05
pattern_100KB.bin,102400,ECC-P256,Verification,0.00014209747314453125
pattern_100KB.bin,102400,ECC-P256,Signing,6.866455078125e-05
pattern_100KB.bin,102400,ECC-P256,Verification,0.00014090538024902344
pattern_100KB.bin,102400,ECC-P256,Signing,6.699562072753906e-05
pattern_100KB.bin,102400,ECC-P256,Verification,0.00013780593872070312
pattern_100KB.bin,102400,Diffie-Hellman,Key Exchange,0.0030488967895507812
pattern_100KB.bin,102400,Diffie-Hellman,Key Exchange,0.0027625560760498047
pattern_100KB.bin,102400,Diffie-Hellman,Key Exchange,0.0025479793548583984
pattern_100KB.bin,102400,Diffie-Hellman,Key Exchange,0.002878904342651367
pattern_100KB.bin,102400,Diffie-Hellman,Key Exchange,0.0033299922943115234
pattern_100KB.bin,102400,Diffie-Hellman,Key Exchange,0.003381967544555664
pattern_100KB.bin,102400,Diffie-Hellman,Key Exchange,0.002552032470703125
pattern_100KB.bin,102400,Diffie-Hellman,Key Exchange,0.0026769638061523438
pattern_100KB.bin,102400,Diffie-Hellman,Key Exchange,0.0025510787963867188
pattern_100KB.bin,102400,Diffie-Hellman,Key Exchange,0.002547025680541992
pattern_10KB.bin,10240,RSA-2048,Encryption,0.00013494491577148438
pattern_10KB.bin,10240,RSA-2048,Decryption,0.0024008750915527344
pattern_10KB.bin,10240,RSA-2048,Encryption,8.916854858398438e-05
pattern_10KB.bin,10240,RSA-2048,Decryption,0.0009908676147460938
pattern_10KB.bin,10240,RSA-2048,Encryption,8.487701416015625e-05
pattern_10KB.bin,10240,RSA-2048,Decryption,0.000982046127319336
pattern_10KB.bin,10240,RSA-2048,Encryption,7.486343383789062e-05
pattern_10KB.bin,10240,RSA-2048,Decryption,0.0009491443634033203
pattern_10KB.bin,10240,RSA-2048,Encryption,7.295608520507812e-05
pattern_10KB.bin,10240,RSA-2048,Decryption,0.0009741783142089844
pattern_10KB.bin,10240,RSA-2048,Encryption,7.390975952148438e-05
pattern_10KB.bin,10240,RSA-2048,Decryption,0.0009946823120117188
pattern_10KB.bin,10240,RSA-2048,Encryption,7.605552673339844e-05
pattern_10KB.bin,10240,RSA-2048,Decryption,0.0010030269622802734
pattern_10KB.bin,10240,RSA-2048,Encryption,7.510185241699219e-05
pattern_10KB.bin,10240,RSA-2048,Decryption,0.001111745834350586
pattern_10KB.bin,10240,RSA-2048,Encryption,9.202957153320312e-05
pattern_10KB.bin,10240,RSA-2048,Decryption,0.00098419189453125
pattern_10KB.bin,10240,RSA-2048,Encryption,7.796287536621094e-05
pattern_10KB.bin,10240,RSA-2048,Decryption,0.0009489059448242188
pattern_10KB.bin,10240,ECC-P256,Signing,0.00011110305786132812
pattern_10KB.bin,10240,ECC-P256,Verification,0.00011205673217773438
pattern_10KB.bin,10240,ECC-P256,Signing,3.409385681152344e-05
pattern_10KB.bin,10240,ECC-P256,Verification,0.0001277923583984375
pattern_10KB.bin,10240,ECC-P256,Signing,3.2901763916015625e-05
pattern_10KB.bin,10240,ECC-P256,Verification,0.00010418891906738281
pattern_10KB.bin,10240,ECC-P256,Signing,3.170967102050781e-05
pattern_10KB.bin,10240,ECC-P256,Verification,0.00010204315185546875
pattern_10KB.bin,10240,ECC-P256,Signing,3.1948089599609375e-05
pattern_10KB.bin,10240,ECC-P256,Verification,0.00010395050048828125
pattern_10KB.bin,10240,ECC-P256,Signing,3.1948089599609375e-05
pattern_10KB.bin,10240,ECC-P256,Verification,0.00010204315185546875
pattern_10KB.bin,10240,ECC-P256,Signing,3.218650817871094e-05
pattern_10KB.bin,10240,ECC-P256,Verification,0.00010323524475097656
pattern_10KB.bin,10240,ECC-P256,Signing,3.0994415283203125e-05
pattern_10KB.bin,10240,ECC-P256,Verification,0.00010204315185546875
pattern_10KB.bin,10240,ECC-P256,Signing,3.0994415283203125e-05
pattern_10KB.bin,10240,ECC-P256,Verification,0.00010275840759277344
pattern_10KB.bin,10240,ECC-P256,Signing,3.0994415283203125e-05
pattern_10KB.bin,10240,ECC-P256,Verification,0.000102996826171875
pattern_10KB.bin,10240,Diffie-Hellman,Key Exchange,0.0025038719177246094
pattern_10KB.bin,10240,Diffie-Hellman,Key Exchange,0.0024919509887695312
pattern_10KB.bin,10240,Diffie-Hellman,Key Exchange,0.0025129318237304688
pattern_10KB.bin,10240,Diffie-Hellman,Key Exchange,0.0024728775024414062
pattern_10KB.bin,10240,Diffie-Hellman,Key Exchange,0.0025649070739746094
pattern_10KB.bin,10240,Diffie-Hellman,Key Exchange,0.002523183822631836
pattern_10KB.bin,10240,Diffie-Hellman,Key Exchange,0.0026361942291259766
pattern_10KB.bin,10240,Diffie-Hellman,Key Exchange,0.0025451183319091797
pattern_10KB.bin,10240,Diffie-Hellman,Key Exchange,0.0025000572204589844
pattern_10KB.bin,10240,Diffie-Hellman,Key Exchange,0.0026330947875976562
pattern_1KB.bin,1024,RSA-2048,Encryption,0.00012493133544921875
pattern_1KB.bin,1024,RSA-2048,Decryption,0.002415180206298828
pattern_1KB.bin,1024,RSA-2048,Encryption,8.678436279296875e-05
pattern_1KB.bin,1024,RSA-2048,Decryption,0.00098419189453125
pattern_1KB.bin,1024,RSA-2048,Encryption,7.796287536621094e-05
pattern_1KB.bin,1024,RSA-2048,Decryption,0.0009791851043701172
pattern_1KB.bin,1024,RSA-2048,Encryption,7.605552673339844e-05
pattern_1KB.bin,1024,RSA-2048,Decryption,0.0009851455688476562
pattern_1KB.bin,1024,RSA-2048,Encryption,7.414817810058594e-05
pattern_1KB.bin,1024,RSA-2048,Decryption,0.0016088485717773438
pattern_1KB.bin,1024,RSA-2048,Encryption,9.608268737792969e-05
pattern_1KB.bin,1024,RSA-2048,Decryption,0.000988006591796875
pattern_1KB.bin,1024,RSA-2048,Encryption,7.915496826171875e-05
pattern_1KB.bin,1024,RSA-2048,Decryption,0.0009918212890625
pattern_1KB.bin,1024,RSA-2048,Encryption,7.557868957519531e-05
pattern_1KB.bin,1024,RSA-2048,Decryption,0.0009772777557373047
pattern_1KB.bin,1024,RSA-2048,Encryption,7.605552673339844e-05
pattern_1KB.bin,1024,RSA-2048,Decryption,0.0009801387786865234
pattern_1KB.bin,1024,RSA-2048,Encryption,7.510185241699219e-05
pattern_1KB.bin,1024,RSA-2048,Decryption,0.001035928726196289
pattern_1KB.bin,1024,ECC-P256,Signing,0.00010776519775390625
pattern_1KB.bin,1024,ECC-P256,Verification,0.00011920928955078125
pattern_1KB.bin,1024,ECC-P256,Signing,3.4809112548828125e-05
pattern_1KB.bin,1024,ECC-P256,Verification,0.0001049041748046875
pattern_1KB.bin,1024,ECC-P256,Signing,3.0994415283203125e-05
pattern_1KB.bin,1024,ECC-P256,Verification,0.00011420249938964844
pattern_1KB.bin,1024,ECC-P256,Signing,2.9802322387695312e-05
pattern_1KB.bin,1024,ECC-P256,Verification,0.00010395050048828125
pattern_1KB.bin,1024,ECC-P256,Signing,3.0279159545898438e-05
pattern_1KB.bin,1024,ECC-P256,Verification,0.00010204315185546875
pattern_1KB.bin,1024,ECC-P256,Signing,2.9325485229492188e-05
pattern_1KB.bin,1024,ECC-P256,Verification,0.00010180473327636719
pattern_1KB.bin,1024,ECC-P256,Signing,2.9325485229492188e-05
pattern_1KB.bin,1024,ECC-P256,Verification,0.0001010894775390625
pattern_1KB.bin,1024,ECC-P256,Signing,2.9087066650390625e-05
pattern_1KB.bin,1024,ECC-P256,Verification,0.0001010894775390625
pattern_1KB.bin,1024,ECC-P256,Signing,2.8848648071289062e-05
pattern_1KB.bin,1024,ECC-P256,Verification,0.00010204315185546875
pattern_1KB.bin,1024,ECC-P256,Signing,2.9087066650390625e-05
pattern_1KB.bin,1024,ECC-P256,Verification,0.00010085105895996094
pattern_1KB.bin,1024,Diffie-Hellman,Key Exchange,0.002499818801879883
pattern_1KB.bin,1024,Diffie-Hellman,Key Exchange,0.0024950504302978516
pattern_1KB.bin,1024,Diffie-Hellman,Key Exchange,0.0026750564575195312
pattern_1KB.bin,1024,Diffie-Hellman,Key Exchange,0.002473115921020508
pattern_1KB.bin,1024,Diffie-Hellman,Key Exchange,0.0024847984313964844
pattern_1KB.bin,1024,Diffie-Hellman,Key Exchange,0.002501249313354492
pattern_1KB.bin,1024,Diffie-Hellman,Key Exchange,0.002532958984375
pattern_1KB.bin,1024,Diffie-Hellman,Key Exchange,0.002485990524291992
pattern_1KB.bin,1024,Diffie-Hellman,Key Exchange,0.0026781558990478516
pattern_1KB.bin,1024,Diffie-Hellman,Key Exchange,0.002476930618286133
pattern_1MB.bin,1048576,RSA-2048,Encryption,0.00012302398681640625
pattern_1MB.bin,1048576,RSA-2048,Decryption,0.002410888671875
pattern_1MB.bin,1048576,RSA-2048,Encryption,8.511543273925781e-05
pattern_1MB.bin,1048576,RSA-2048,Decryption,0.0009758472442626953
pattern_1MB.bin,1048576,RSA-2048,Encryption,7.796287536621094e-05
pattern_1MB.bin,1048576,RSA-2048,Decryption,0.0009739398956298828
pattern_1MB.bin,1048576,RSA-2048,Encryption,7.605552673339844e-05
pattern_1MB.bin,1048576,RSA-2048,Decryption,0.0017938613891601562
pattern_1MB.bin,1048576,RSA-2048,Encryption,9.989738464355469e-05
pattern_1MB.bin,1048576,RSA-2048,Decryption,0.000982046127319336
pattern_1MB.bin,1048576,RSA-2048,Encryption,8.392333984375e-05
pattern_1MB.bin,1048576,RSA-2048,Decryption,0.0009763240814208984
pattern_1MB.bin,1048576,RSA-2048,Encryption,7.724761962890625e-05
pattern_1MB.bin,1048576,RSA-2048,Decryption,0.0009860992431640625
pattern_1MB.bin,1048576,RSA-2048,Encryption,7.724761962890625e-05
pattern_1MB.bin,1048576,RSA-2048,Decryption,0.0009729862213134766
pattern_1MB.bin,1048576,RSA-2048,Encryption,8.296966552734375e-05
pattern_1MB.bin,1048576,RSA-2048,Decryption,0.0009768009185791016
pattern_1MB.bin,1048576,RSA-2048,Encryption,7.605552673339844e-05
pattern_1MB.bin,1048576,RSA-2048,Decryption,0.0009720325469970703
pattern_1MB.bin,1048576,ECC-P256,Signing,0.0005307197570800781
pattern_1MB.bin,1048576,ECC-P256,Verification,0.0005319118499755859
pattern_1MB.bin,1048576,ECC-P256,Signing,0.00044417381286621094
pattern_1MB.bin,1048576,ECC-P256,Verification,0.0005183219909667969
pattern_1MB.bin,1048576,ECC-P256,Signing,0.0004432201385498047
pattern_1MB.bin,1048576,ECC-P256,Verification,0.000576019287109375
pattern_1MB.bin,1048576,ECC-P256,Signing,0.0004520416259765625
pattern_1MB.bin,1048576,ECC-P256,Verification,0.0005209445953369141
pattern_1MB.bin,1048576,ECC-P256,Signing,0.0004439353942871094
pattern_1MB.bin,1048576,ECC-P256,Verification,0.0005137920379638672
pattern_1MB.bin,1048576,ECC-P256,Signing,0.000453948974609375
pattern_1MB.bin,1048576,ECC-P256,Verification,0.0005292892456054688
pattern_1MB.bin,1048576,ECC-P256,Signing,0.00044274330139160156
pattern_1MB.bin,1048576,ECC-P256,Verification,0.000530242919921875
pattern_1MB.bin,1048576,ECC-P256,Signing,0.00055694580078125
pattern_1MB.bin,1048576,ECC-P256,Verification,0.0005428791046142578
pattern_1MB.bin,1048576,ECC-P256,Signing,0.0004417896270751953
pattern_1MB.bin,1048576,ECC-P256,Verification,0.0010569095611572266
pattern_1MB.bin,1048576,ECC-P256,Signing,0.0006070137023925781
pattern_1MB.bin,1048576,ECC-P256,Verification,0.0005660057067871094
pattern_1MB.bin,1048576,Diffie-Hellman,Key Exchange,0.002557039260864258
pattern_1MB.bin,1048576,Diffie-Hellman,Key Exchange,0.002568960189819336
pattern_1MB.bin,1048576,Diffie-Hellman,Key Exchange,0.0025610923767089844
pattern_1MB.bin,1048576,Diffie-Hellman,Key Exchange,0.0031778812408447266
pattern_1MB.bin,1048576,Diffie-Hellman,Key Exchange,0.002549886703491211
pattern_1MB.bin,1048576,Diffie-Hellman,Key Exchange,0.0025510787963867188
pattern_1MB.bin,1048576,Diffie-Hellman,Key Exchange,0.0025451183319091797
pattern_1MB.bin,1048576,Diffie-Hellman,Key Exchange,0.003198862075805664
pattern_1MB.bin,1048576,Diffie-Hellman,Key Exchange,0.0025811195373535156
pattern_1MB.bin,1048576,Diffie-Hellman,Key Exchange,0.002557992935180664
pattern_20KB.bin,20480,RSA-2048,Encryption,0.0001239776611328125
pattern_20KB.bin,20480,RSA-2048,Decryption,0.002446889877319336
pattern_20KB.bin,20480,RSA-2048,Encryption,8.440017700195312e-05
pattern_20KB.bin,20480,RSA-2048,Decryption,0.0009837150573730469
pattern_20KB.bin,20480,RSA-2048,Encryption,7.82012939453125e-05
pattern_20KB.bin,20480,RSA-2048,Decryption,0.0009808540344238281
pattern_20KB.bin,20480,RSA-2048,Encryption,9.131431579589844e-05
pattern_20KB.bin,20480,RSA-2048,Decryption,0.0009737014770507812
pattern_20KB.bin,20480,RSA-2048,Encryption,7.605552673339844e-05
pattern_20KB.bin,20480,RSA-2048,Decryption,0.0009889602661132812
pattern_20KB.bin,20480,RSA-2048,Encryption,7.605552673339844e-05
pattern_20KB.bin,20480,RSA-2048,Decryption,0.0016949176788330078
pattern_20KB.bin,20480,RSA-2048,Encryption,8.797645568847656e-05
pattern_20KB.bin,20480,RSA-2048,Decryption,0.0009810924530029297
pattern_20KB.bin,20480,RSA-2048,Encryption,7.605552673339844e-05
pattern_20KB.bin,20480,RSA-2048,Decryption,0.0009946823120117188
pattern_20KB.bin,20480,RSA-2048,Encryption,7.510185241699219e-05
pattern_20KB.bin,20480,RSA-2048,Decryption,0.0009720325469970703
pattern_20KB.bin,20480,RSA-2048,Encryption,7.390975952148438e-05
pattern_20KB.bin,20480,RSA-2048,Decryption,0.0010077953338623047
pattern_20KB.bin,20480,ECC-P256,Signing,0.0001251697540283203
pattern_20KB.bin,20480,ECC-P256,Verification,0.00011992454528808594
pattern_20KB.bin,20480,ECC-P256,Signing,4.601478576660156e-05
pattern_20KB.bin,20480,ECC-P256,Verification,0.00011277198791503906
pattern_20KB.bin,20480,ECC-P256,Signing,3.910064697265625e-05
pattern_20KB.bin,20480,ECC-P256,Verification,0.00011181831359863281
pattern_20KB.bin,20480,ECC-P256,Signing,3.814697265625e-05
pattern_20KB.bin,20480,ECC-P256,Verification,0.00011587142944335938
pattern_20KB.bin,20480,ECC-P256,Signing,3.695487976074219e-05
pattern_20KB.bin,20480,ECC-P256,Verification,0.00011110305786132812
pattern_20KB.bin,20480,ECC-P256,Signing,3.6716461181640625e-05
pattern_20KB.bin,20480,ECC-P256,Verification,0.00010991096496582031
pattern_20KB.bin,20480,ECC-P256,Signing,3.719329833984375e-05
pattern_20KB.bin,20480,ECC-P256,Verification,0.00011897087097167969
pattern_20KB.bin,20480,ECC-P256,Signing,3.886222839355469e-05
pattern_20KB.bin,20480,ECC-P256,Verification,0.00011181831359863281
pattern_20KB.bin,20480,ECC-P256,Signing,3.719329833984375e-05
pattern_20KB.bin,20480,ECC-P256,Verification,0.00010895729064941406
pattern_20KB.bin,20480,ECC-P256,Signing,3.600120544433594e-05
pattern_20KB.bin,20480,ECC-P256,Verification,0.00010895729064941406
pattern_20KB.bin,20480,Diffie-Hellman,Key Exchange,0.002487659454345703
pattern_20KB.bin,20480,Diffie-Hellman,Key Exchange,0.002463817596435547
pattern_20KB.bin,20480,Diffie-Hellman,Key Exchange,0.002481698989868164
pattern_20KB.bin,20480,Diffie-Hellman,Key Exchange,0.0024690628051757812
pattern_20KB.bin,20480,Diffie-Hellman,Key Exchange,0.002507925033569336
pattern_20KB.bin,20480,Diffie-Hellman,Key Exchange,0.0024640560150146484
pattern_20KB.bin,20480,Diffie-Hellman,Key Exchange,0.002466917037963867
pattern_20KB.bin,20480,Diffie-Hellman,Key Exchange,0.0024650096893310547
pattern_20KB.bin,20480,Diffie-Hellman,Key Exchange,0.0024597644805908203
pattern_20KB.bin,20480,Diffie-Hellman,Key Exchange,0.0024750232696533203
pattern_2KB.bin,2048,RSA-2048,Encryption,0.00010585784912109375
pattern_2KB.bin,2048,RSA-2048,Decryption,0.0023469924926757812
pattern_2KB.bin,2048,RSA-2048,Encryption,7.677078247070312e-05
pattern_2KB.bin,2048,RSA-2048,Decryption,0.0009541511535644531
pattern_2KB.bin,2048,RSA-2048,Encryption,7.891654968261719e-05
pattern_2KB.bin,2048,RSA-2048,Decryption,0.0009660720825195312
pattern_2KB.bin,2048,RSA-2048,Encryption,7.390975952148438e-05
pattern_2KB.bin,2048,RSA-2048,Decryption,0.0009520053863525391
pattern_2KB.bin,2048,RSA-2048,Encryption,7.295608520507812e-05
pattern_2KB.bin,2048,RSA-2048,Decryption,0.0009491443634033203
pattern_2KB.bin,2048,RSA-2048,Encryption,7.390975952148438e-05
pattern_2KB.bin,2048,RSA-2048,Decryption,0.0009491443634033203
pattern_2KB.bin,2048,RSA-2048,Encryption,7.390975952148438e-05
pattern_2KB.bin,2048,RSA-2048,Decryption,0.0009510517120361328
pattern_2KB.bin,2048,RSA-2048,Encryption,7.414817810058594e-05
pattern_2KB.bin,2048,RSA-2048,Decryption,0.0009481906890869141
pattern_2KB.bin,2048,RSA-2048,Encryption,7.295608520507812e-05
pattern_2KB.bin,2048,RSA-2048,Decryption,0.0009510517120361328
pattern_2KB.bin,2048,RSA-2048,Encryption,7.295608520507812e-05
pattern_2KB.bin,2048,RSA-2048,Decryption,0.000949859619140625
pattern_2KB.bin,2048,ECC-P256,Signing,0.00010013580322265625
pattern_2KB.bin,2048,ECC-P256,Verification,0.0001289844512939453
pattern_2KB.bin,2048,ECC-P256,Signing,3.123283386230469e-05
pattern_2KB.bin,2048,ECC-P256,Verification,0.00010395050048828125
pattern_2KB.bin,2048,ECC-P256,Signing,2.9802322387695312e-05
pattern_2KB.bin,2048,ECC-P256,Verification,0.00010085105895996094
pattern_2KB.bin,2048,ECC-P256,Signing,3.0994415283203125e-05
pattern_2KB.bin,2048,ECC-P256,Verification,0.00010085105895996094
pattern_2KB.bin,2048,ECC-P256,Signing,2.9802322387695312e-05
pattern_2KB.bin,2048,ECC-P256,Verification,0.00010013580322265625
pattern_2KB.bin,2048,ECC-P256,Signing,2.8848648071289062e-05
pattern_2KB.bin,2048,ECC-P256,Verification,9.918212890625e-05
pattern_2KB.bin,2048,ECC-P256,Signing,2.8848648071289062e-05
pattern_2KB.bin,2048,ECC-P256,Verification,9.918212890625e-05
pattern_2KB.bin,2048,ECC-P256,Signing,2.8848648071289062e-05
pattern_2KB.bin,2048,ECC-P256,Verification,9.989738464355469e-05
pattern_2KB.bin,2048,ECC-P256,Signing,2.9802322387695312e-05
pattern_2KB.bin,2048,ECC-P256,Verification,9.870529174804688e-05
pattern_2KB.bin,2048,ECC-P256,Signing,2.9087066650390625e-05
pattern_2KB.bin,2048,ECC-P256,Verification,9.894371032714844e-05
pattern_2KB.bin,2048,Diffie-Hellman,Key Exchange,0.0026001930236816406
pattern_2KB.bin,2048,Diffie-Hellman,Key Exchange,0.002576112747192383
pattern_2KB.bin,2048,Diffie-Hellman,Key Exchange,0.0025620460510253906
pattern_2KB.bin,2048,Diffie-Hellman,Key Exchange,0.002642393112182617
pattern_2KB.bin,2048,Diffie-Hellman,Key Exchange,0.0026950836181640625
pattern_2KB.bin,2048,Diffie-Hellman,Key Exchange,0.0028252601623535156
pattern_2KB.bin,2048,Diffie-Hellman,Key Exchange,0.002620220184326172
pattern_2KB.bin,2048,Diffie-Hellman,Key Exchange,0.0028259754180908203
pattern_2KB.bin,2048,Diffie-Hellman,Key Exchange,0.002680063247680664
pattern_2KB.bin,2048,Diffie-Hellman,Key Exchange,0.002641916275024414
pattern_50KB.bin,51200,RSA-2048,Encryption,0.00017380714416503906
pattern_50KB.bin,51200,RSA-2048,Decryption,0.0025420188903808594
pattern_50KB.bin,51200,RSA-2048,Encryption,9.274482727050781e-05
pattern_50KB.bin,51200,RSA-2048,Decryption,0.001026153564453125
pattern_50KB.bin,51200,RSA-2048,Encryption,8.916854858398438e-05
pattern_50KB.bin,51200,RSA-2048,Decryption,0.0010008811950683594
pattern_50KB.bin,51200,RSA-2048,Encryption,7.677078247070312e-05
pattern_50KB.bin,51200,RSA-2048,Decryption,0.0009489059448242188
pattern_50KB.bin,51200,RSA-2048,Encryption,7.414817810058594e-05
pattern_50KB.bin,51200,RSA-2048,Decryption,0.0009658336639404297
pattern_50KB.bin,51200,RSA-2048,Encryption,7.390975952148438e-05
pattern_50KB.bin,51200,RSA-2048,Decryption,0.001065969467163086
pattern_50KB.bin,51200,RSA-2048,Encryption,7.772445678710938e-05
pattern_50KB.bin,51200,RSA-2048,Decryption,0.0009601116180419922
pattern_50KB.bin,51200,RSA-2048,Encryption,8.106231689453125e-05
pattern_50KB.bin,51200,RSA-2048,Decryption,0.0010340213775634766
pattern_50KB.bin,51200,RSA-2048,Encryption,7.605552673339844e-05
pattern_50KB.bin,51200,RSA-2048,Decryption,0.000965118408203125
pattern_50KB.bin,51200,RSA-2048,Encryption,8.0108642578125e-05
pattern_50KB.bin,51200,RSA-2048,Decryption,0.0012428760528564453
pattern_50KB.bin,51200,ECC-P256,Signing,0.00017404556274414062
pattern_50KB.bin,51200,ECC-P256,Verification,0.00014019012451171875
pattern_50KB.bin,51200,ECC-P256,Signing,5.602836608886719e-05
pattern_50KB.bin,51200,ECC-P256,Verification,0.00014591217041015625
pattern_50KB.bin,51200,ECC-P256,Signing,5.1021575927734375e-05
pattern_50KB.bin,51200,ECC-P256,Verification,0.0001480579376220703
pattern_50KB.bin,51200,ECC-P256,Signing,5.2928924560546875e-05
pattern_50KB.bin,51200,ECC-P256,Verification,0.0002110004425048828
pattern_50KB.bin,51200,ECC-P256,Signing,5.412101745605469e-05
pattern_50KB.bin,51200,ECC-P256,Verification,0.00015401840209960938
pattern_50KB.bin,51200,ECC-P256,Signing,5.888938903808594e-05
pattern_50KB.bin,51200,ECC-P256,Verification,0.00012969970703125
pattern_50KB.bin,51200,ECC-P256,Signing,5.1975250244140625e-05
pattern_50KB.bin,51200,ECC-P256,Verification,0.0001900196075439453
pattern_50KB.bin,51200,ECC-P256,Signing,5.984306335449219e-05
pattern_50KB.bin,51200,ECC-P256,Verification,0.00018095970153808594
pattern_50KB.bin,51200,ECC-P256,Signing,6.389617919921875e-05
pattern_50KB.bin,51200,ECC-P256,Verification,0.00013899803161621094
pattern_50KB.bin,51200,ECC-P256,Signing,5.2928924560546875e-05
pattern_50KB.bin,51200,ECC-P256,Verification,0.0001811981201171875
pattern_50KB.bin,51200,Diffie-Hellman,Key Exchange,0.003576040267944336
pattern_50KB.bin,51200,Diffie-Hellman,Key Exchange,0.002585172653198242
pattern_50KB.bin,51200,Diffie-Hellman,Key Exchange,0.002696990966796875
pattern_50KB.bin,51200,Diffie-Hellman,Key Exchange,0.0026068687438964844
pattern_50KB.bin,51200,Diffie-Hellman,Key Exchange,0.0025491714477539062
pattern_50KB.bin,51200,Diffie-Hellman,Key Exchange,0.002560853958129883
pattern_50KB.bin,51200,Diffie-Hellman,Key Exchange,0.002469778060913086
pattern_50KB.bin,51200,Diffie-Hellman,Key Exchange,0.0024809837341308594
pattern_50KB.bin,51200,Diffie-Hellman,Key Exchange,0.002466917037963867
pattern_50KB.bin,51200,Diffie-Hellman,Key Exchange,0.0024678707122802734
pattern_5KB.bin,5120,RSA-2048,Encryption,0.00013208389282226562
pattern_5KB.bin,5120,RSA-2048,Decryption,0.0024449825286865234
pattern_5KB.bin,5120,RSA-2048,Encryption,8.416175842285156e-05
pattern_5KB.bin,5120,RSA-2048,Decryption,0.0009520053863525391
pattern_5KB.bin,5120,RSA-2048,Encryption,7.605552673339844e-05
pattern_5KB.bin,5120,RSA-2048,Decryption,0.0009598731994628906
pattern_5KB.bin,5120,RSA-2048,Encryption,7.414817810058594e-05
pattern_5KB.bin,5120,RSA-2048,Decryption,0.0009520053863525391
pattern_5KB.bin,5120,RSA-2048,Encryption,7.390975952148438e-05
pattern_5KB.bin,5120,RSA-2048,Decryption,0.0009479522705078125
pattern_5KB.bin,5120,RSA-2048,Encryption,7.295608520507812e-05
pattern_5KB.bin,5120,RSA-2048,Decryption,0.0009679794311523438
pattern_5KB.bin,5120,RSA-2048,Encryption,7.295608520507812e-05
pattern_5KB.bin,5120,RSA-2048,Decryption,0.0009510517120361328
pattern_5KB.bin,5120,RSA-2048,Encryption,7.295608520507812e-05
pattern_5KB.bin,5120,RSA-2048,Decryption,0.0009849071502685547
pattern_5KB.bin,5120,RSA-2048,Encryption,7.295608520507812e-05
pattern_5KB.bin,5120,RSA-2048,Decryption,0.0009551048278808594
pattern_5KB.bin,5120,RSA-2048,Encryption,7.295608520507812e-05
pattern_5KB.bin,5120,RSA-2048,Decryption,0.0009598731994628906
pattern_5KB.bin,5120,ECC-P256,Signing,0.00019407272338867188
pattern_5KB.bin,5120,ECC-P256,Verification,0.00011396408081054688
pattern_5KB.bin,5120,ECC-P256,Signing,3.886222839355469e-05
pattern_5KB.bin,5120,ECC-P256,Verification,0.0001049041748046875
pattern_5KB.bin,5120,ECC-P256,Signing,3.1948089599609375e-05
pattern_5KB.bin,5120,ECC-P256,Verification,0.00010395050048828125
pattern_5KB.bin,5120,ECC-P256,Signing,3.62396240234375e-05
pattern_5KB.bin,5120,ECC-P256,Verification,0.00011014938354492188
pattern_5KB.bin,5120,ECC-P256,Signing,3.266334533691406e-05
pattern_5KB.bin,5120,ECC-P256,Verification,0.0001327991485595703
pattern_5KB.bin,5120,ECC-P256,Signing,4.506111145019531e-05
pattern_5KB.bin,5120,ECC-P256,Verification,0.00011610984802246094
pattern_5KB.bin,5120,ECC-P256,Signing,5.1975250244140625e-05
pattern_5KB.bin,5120,ECC-P256,Verification,0.00010371208190917969
pattern_5KB.bin,5120,ECC-P256,Signing,2.9802322387695312e-05
pattern_5KB.bin,5120,ECC-P256,Verification,0.00010228157043457031
pattern_5KB.bin,5120,ECC-P256,Signing,2.9802322387695312e-05
pattern_5KB.bin,5120,ECC-P256,Verification,0.00010323524475097656
pattern_5KB.bin,5120,ECC-P256,Signing,3.5762786865234375e-05
pattern_5KB.bin,5120,ECC-P256,Verification,0.00010204315185546875
pattern_5KB.bin,5120,Diffie-Hellman,Key Exchange,0.0025119781494140625
pattern_5KB.bin,5120,Diffie-Hellman,Key Exchange,0.0024809837341308594
pattern_5KB.bin,5120,Diffie-Hellman,Key Exchange,0.0024721622467041016
pattern_5KB.bin,5120,Diffie-Hellman,Key Exchange,0.002463817596435547
pattern_5KB.bin,5120,Diffie-Hellman,Key Exchange,0.002463102340698242
pattern_5KB.bin,5120,Diffie-Hellman,Key Exchange,0.0024628639221191406
pattern_5KB.bin,5120,Diffie-Hellman,Key Exchange,0.002485990524291992
pattern_5KB.bin,5120,Diffie-Hellman,Key Exchange,0.0024628639221191406
pattern_5KB.bin,5120,Diffie-Hellman,Key Exchange,0.0024650096893310547
pattern_5KB.bin,5120,Diffie-Hellman,Key Exchange,0.002485036849975586
random_100KB.bin,102400,RSA-2048,Encryption,0.00010609626770019531
random_100KB.bin,102400,RSA-2048,Decryption,0.002403736114501953
random_100KB.bin,102400,RSA-2048,Encryption,7.891654968261719e-05
random_100KB.bin,102400,RSA-2048,Decryption,0.0009582042694091797
random_100KB.bin,102400,RSA-2048,Encryption,7.605552673339844e-05
random_100KB.bin,102400,RSA-2048,Decryption,0.0009679794311523438
random_100KB.bin,102400,RSA-2048,Encryption,7.510185241699219e-05
random_100KB.bin,102400,RSA-2048,Decryption,0.0009760856628417969
random_100KB.bin,102400,RSA-2048,Encryption,7.390975952148438e-05
random_100KB.bin,102400,RSA-2048,Decryption,0.0009491443634033203
random_100KB.bin,102400,RSA-2048,Encryption,7.390975952148438e-05
random_100KB.bin,102400,RSA-2048,Decryption,0.0009510517120361328
random_100KB.bin,102400,RSA-2048,Encryption,7.414817810058594e-05
random_100KB.bin,102400,RSA-2048,Decryption,0.0009489059448242188
random_100KB.bin,102400,RSA-2048,Encryption,7.390975952148438e-05
random_100KB.bin,102400,RSA-2048,Decryption,0.0009472370147705078
random_100KB.bin,102400,RSA-2048,Encryption,7.319450378417969e-05
random_100KB.bin,102400,RSA-2048,Decryption,0.0009479522705078125
random_100KB.bin,102400,RSA-2048,Encryption,7.343292236328125e-05
random_100KB.bin,102400,RSA-2048,Decryption,0.0009467601776123047
random_100KB.bin,102400,ECC-P256,Signing,0.00014901161193847656
random_100KB.bin,102400,ECC-P256,Verification,0.00015091896057128906
random_100KB.bin,102400,ECC-P256,Signing,7.009506225585938e-05
random_100KB.bin,102400,ECC-P256,Verification,0.0001461505889892578
random_100KB.bin,102400,ECC-P256,Signing,8.511543273925781e-05
random_100KB.bin,102400,ECC-P256,Verification,0.000141143798828125
random_100KB.bin,102400,ECC-P256,Signing,7.200241088867188e-05
random_100KB.bin,102400,ECC-P256,Verification,0.00014090538024902344
random_100KB.bin,102400,ECC-P256,Signing,6.794929504394531e-05
random_100KB.bin,102400,ECC-P256,Verification,0.0001380443572998047
random_100KB.bin,102400,ECC-P256,Signing,6.699562072753906e-05
random_100KB.bin,102400,ECC-P256,Verification,0.00014209747314453125
random_100KB.bin,102400,ECC-P256,Signing,6.985664367675781e-05
random_100KB.bin,102400,ECC-P256,Verification,0.0001380443572998047
random_100KB.bin,102400,ECC-P256,Signing,7.200241088867188e-05
random_100KB.bin,102400,ECC-P256,Verification,0.00014090538024902344
random_100KB.bin,102400,ECC-P256,Signing,7.104873657226562e-05
random_100KB.bin,102400,ECC-P256,Verification,0.0001418590545654297
random_100KB.bin,102400,ECC-P256,Signing,6.985664367675781e-05
random_100KB.bin,102400,ECC-P256,Verification,0.00014090538024902344
random_100KB.bin,102400,Diffie-Hellman,Key Exchange,0.002529144287109375
random_100KB.bin,102400,Diffie-Hellman,Key Exchange,0.0024967193603515625
random_100KB.bin,102400,Diffie-Hellman,Key Exchange,0.0026268959045410156
random_100KB.bin,102400,Diffie-Hellman,Key Exchange,0.002573728561401367
random_100KB.bin,102400,Diffie-Hellman,Key Exchange,0.002691984176635742
random_100KB.bin,102400,Diffie-Hellman,Key Exchange,0.002490997314453125
random_100KB.bin,102400,Diffie-Hellman,Key Exchange,0.0026099681854248047
random_100KB.bin,102400,Diffie-Hellman,Key Exchange,0.002549886703491211
random_100KB.bin,102400,Diffie-Hellman,Key Exchange,0.002485990524291992
random_100KB.bin,102400,Diffie-Hellman,Key Exchange,0.002521038055419922
random_10KB.bin,10240,RSA-2048,Encryption,0.00011277198791503906
random_10KB.bin,10240,RSA-2048,Decryption,0.002357959747314453
random_10KB.bin,10240,RSA-2048,Encryption,7.82012939453125e-05
random_10KB.bin,10240,RSA-2048,Decryption,0.0009558200836181641
random_10KB.bin,10240,RSA-2048,Encryption,7.510185241699219e-05
random_10KB.bin,10240,RSA-2048,Decryption,0.0010428428649902344
random_10KB.bin,10240,RSA-2048,Encryption,8.893013000488281e-05
random_10KB.bin,10240,RSA-2048,Decryption,0.0010082721710205078
random_10KB.bin,10240,RSA-2048,Encryption,8.0108642578125e-05
random_10KB.bin,10240,RSA-2048,Decryption,0.0010509490966796875
random_10KB.bin,10240,RSA-2048,Encryption,9.799003601074219e-05
random_10KB.bin,10240,RSA-2048,Decryption,0.0009930133819580078
random_10KB.bin,10240,RSA-2048,Encryption,7.677078247070312e-05
random_10KB.bin,10240,RSA-2048,Decryption,0.0009541511535644531
random_10KB.bin,10240,RSA-2048,Encryption,7.390975952148438e-05
random_10KB.bin,10240,RSA-2048,Decryption,0.0009636878967285156
random_10KB.bin,10240,RSA-2048,Encryption,7.414817810058594e-05
random_10KB.bin,10240,RSA-2048,Decryption,0.0009510517120361328
random_10KB.bin,10240,RSA-2048,Encryption,7.414817810058594e-05
random_10KB.bin,10240,RSA-2048,Decryption,0.0009605884552001953
random_10KB.bin,10240,ECC-P256,Signing,0.00012683868408203125
random_10KB.bin,10240,ECC-P256,Verification,0.00013113021850585938
random_10KB.bin,10240,ECC-P256,Signing,3.600120544433594e-05
random_10KB.bin,10240,ECC-P256,Verification,0.00010967254638671875
random_10KB.bin,10240,ECC-P256,Signing,3.695487976074219e-05
random_10KB.bin,10240,ECC-P256,Verification,0.00010395050048828125
random_10KB.bin,10240,ECC-P256,Signing,3.814697265625e-05
random_10KB.bin,10240,ECC-P256,Verification,0.000102996826171875
random_10KB.bin,10240,ECC-P256,Signing,3.1948089599609375e-05
random_10KB.bin,10240,ECC-P256,Verification,0.00010514259338378906
random_10KB.bin,10240,ECC-P256,Signing,3.1948089599609375e-05
random_10KB.bin,10240,ECC-P256,Verification,0.00010180473327636719
random_10KB.bin,10240,ECC-P256,Signing,3.1948089599609375e-05
random_10KB.bin,10240,ECC-P256,Verification,0.00010585784912109375
random_10KB.bin,10240,ECC-P256,Signing,3.719329833984375e-05
random_10KB.bin,10240,ECC-P256,Verification,0.00011897087097167969
random_10KB.bin,10240,ECC-P256,Signing,3.0994415283203125e-05
random_10KB.bin,10240,ECC-P256,Verification,0.00010180473327636719
random_10KB.bin,10240,ECC-P256,Signing,3.0994415283203125e-05
random_10KB.bin,10240,ECC-P256,Verification,0.00010228157043457031
random_10KB.bin,10240,Diffie-Hellman,Key Exchange,0.0024979114532470703
random_10KB.bin,10240,Diffie-Hellman,Key Exchange,0.0025260448455810547
random_10KB.bin,10240,Diffie-Hellman,Key Exchange,0.0024690628051757812
random_10KB.bin,10240,Diffie-Hellman,Key Exchange,0.0024919509887695312
random_10KB.bin,10240,Diffie-Hellman,Key Exchange,0.0024721622467041016
random_10KB.bin,10240,Diffie-Hellman,Key Exchange,0.0024640560150146484
random_10KB.bin,10240,Diffie-Hellman,Key Exchange,0.002460002899169922
random_10KB.bin,10240,Diffie-Hellman,Key Exchange,0.002469778060913086
random_10KB.bin,10240,Diffie-Hellman,Key Exchange,0.0024619102478027344
random_10KB.bin,10240,Diffie-Hellman,Key Exchange,0.0024628639221191406
random_1KB.bin,1024,RSA-2048,Encryption,0.00011897087097167969
random_1KB.bin,1024,RSA-2048,Decryption,0.0023431777954101562
random_1KB.bin,1024,RSA-2048,Encryption,7.82012939453125e-05
random_1KB.bin,1024,RSA-2048,Decryption,0.0009508132934570312
random_1KB.bin,1024,RSA-2048,Encryption,7.486343383789062e-05
random_1KB.bin,1024,RSA-2048,Decryption,0.0009491443634033203
random_1KB.bin,1024,RSA-2048,Encryption,7.414817810058594e-05
random_1KB.bin,1024,RSA-2048,Decryption,0.0009698867797851562
random_1KB.bin,1024,RSA-2048,Encryption,7.390975952148438e-05
random_1KB.bin,1024,RSA-2048,Decryption,0.0009510517120361328
random_1KB.bin,1024,RSA-2048,Encryption,7.390975952148438e-05
random_1KB.bin,1024,RSA-2048,Decryption,0.0009531974792480469
random_1KB.bin,1024,RSA-2048,Encryption,7.295608520507812e-05
random_1KB.bin,1024,RSA-2048,Decryption,0.0009467601776123047
random_1KB.bin,1024,RSA-2048,Encryption,7.295608520507812e-05
random_1KB.bin,1024,RSA-2048,Decryption,0.0009541511535644531
random_1KB.bin,1024,RSA-2048,Encryption,7.319450378417969e-05
random_1KB.bin,1024,RSA-2048,Decryption,0.0009667873382568359
random_1KB.bin,1024,RSA-2048,Encryption,7.295608520507812e-05
random_1KB.bin,1024,RSA-2048,Decryption,0.0009469985961914062
random_1KB.bin,1024,ECC-P256,Signing,0.00010395050048828125
random_1KB.bin,1024,ECC-P256,Verification,0.00010800361633300781
random_1KB.bin,1024,ECC-P256,Signing,3.0994415283203125e-05
random_1KB.bin,1024,ECC-P256,Verification,0.000102996826171875
random_1KB.bin,1024,ECC-P256,Signing,3.2901763916015625e-05
random_1KB.bin,1024,ECC-P256,Verification,0.0001010894775390625
random_1KB.bin,1024,ECC-P256,Signing,2.9087066650390625e-05
random_1KB.bin,1024,ECC-P256,Verification,0.00010085105895996094
random_1KB.bin,1024,ECC-P256,Signing,2.8848648071289062e-05
random_1KB.bin,1024,ECC-P256,Verification,9.894371032714844e-05
random_1KB.bin,1024,ECC-P256,Signing,2.8371810913085938e-05
random_1KB.bin,1024,ECC-P256,Verification,9.918212890625e-05
random_1KB.bin,1024,ECC-P256,Signing,2.7894973754882812e-05
random_1KB.bin,1024,ECC-P256,Verification,9.799003601074219e-05
random_1KB.bin,1024,ECC-P256,Signing,2.8371810913085938e-05
random_1KB.bin,1024,ECC-P256,Verification,9.799003601074219e-05
random_1KB.bin,1024,ECC-P256,Signing,3.1948089599609375e-05
random_1KB.bin,1024,ECC-P256,Verification,9.799003601074219e-05
random_1KB.bin,1024,ECC-P256,Signing,2.7894973754882812e-05
random_1KB.bin,1024,ECC-P256,Verification,9.799003601074219e-05
random_1KB.bin,1024,Diffie-Hellman,Key Exchange,0.0025310516357421875
random_1KB.bin,1024,Diffie-Hellman,Key Exchange,0.002476930618286133
random_1KB.bin,1024,Diffie-Hellman,Key Exchange,0.0024640560150146484
random_1KB.bin,1024,Diffie-Hellman,Key Exchange,0.0024640560150146484
random_1KB.bin,1024,Diffie-Hellman,Key Exchange,0.0024797916412353516
random_1KB.bin,1024,Diffie-Hellman,Key Exchange,0.002462148666381836
random_1KB.bin,1024,Diffie-Hellman,Key Exchange,0.002471923828125
random_1KB.bin,1024,Diffie-Hellman,Key Exchange,0.0024809837341308594
random_1KB.bin,1024,Diffie-Hellman,Key Exchange,0.002471923828125
random_1KB.bin,1024,Diffie-Hellman,Key Exchange,0.0025060176849365234
random_1MB.bin,1048576,RSA-2048,Encryption,0.00011897087097167969
random_1MB.bin,1048576,RSA-2048,Decryption,0.0023539066314697266
random_1MB.bin,1048576,RSA-2048,Encryption,7.700920104980469e-05
random_1MB.bin,1048576,RSA-2048,Decryption,0.000949859619140625
random_1MB.bin,1048576,RSA-2048,Encryption,7.510185241699219e-05
random_1MB.bin,1048576,RSA-2048,Decryption,0.0009510517120361328
random_1MB.bin,1048576,RSA-2048,Encryption,8.177757263183594e-05
random_1MB.bin,1048576,RSA-2048,Decryption,0.0009663105010986328
random_1MB.bin,1048576,RSA-2048,Encryption,8.130073547363281e-05
random_1MB.bin,1048576,RSA-2048,Decryption,0.0009579658508300781
random_1MB.bin,1048576,RSA-2048,Encryption,7.295608520507812e-05
random_1MB.bin,1048576,RSA-2048,Decryption,0.0009479522705078125
random_1MB.bin,1048576,RSA-2048,Encryption,7.319450378417969e-05
random_1MB.bin,1048576,RSA-2048,Decryption,0.0009479522705078125
random_1MB.bin,1048576,RSA-2048,Encryption,7.224082946777344e-05
random_1MB.bin,1048576,RSA-2048,Decryption,0.0009479522705078125
random_1MB.bin,1048576,RSA-2048,Encryption,7.200241088867188e-05
random_1MB.bin,1048576,RSA-2048,Decryption,0.0009479522705078125
random_1MB.bin,1048576,RSA-2048,Encryption,7.295608520507812e-05
random_1MB.bin,1048576,RSA-2048,Decryption,0.0009479522705078125
random_1MB.bin,1048576,ECC-P256,Signing,0.0005130767822265625
random_1MB.bin,1048576,ECC-P256,Verification,0.0005080699920654297
random_1MB.bin,1048576,ECC-P256,Signing,0.0004317760467529297
random_1MB.bin,1048576,ECC-P256,Verification,0.0005037784576416016
random_1MB.bin,1048576,ECC-P256,Signing,0.0004410743713378906
random_1MB.bin,1048576,ECC-P256,Verification,0.0005152225494384766
random_1MB.bin,1048576,ECC-P256,Signing,0.0004279613494873047
random_1MB.bin,1048576,ECC-P256,Verification,0.0004990100860595703
random_1MB.bin,1048576,ECC-P256,Signing,0.0004410743713378906
random_1MB.bin,1048576,ECC-P256,Verification,0.0004999637603759766
random_1MB.bin,1048576,ECC-P256,Signing,0.0004279613494873047
random_1MB.bin,1048576,ECC-P256,Verification,0.0005130767822265625
random_1MB.bin,1048576,ECC-P256,Signing,0.0004291534423828125
random_1MB.bin,1048576,ECC-P256,Verification,0.0004987716674804688
random_1MB.bin,1048576,ECC-P256,Signing,0.00043582916259765625
random_1MB.bin,1048576,ECC-P256,Verification,0.0004992485046386719
random_1MB.bin,1048576,ECC-P256,Signing,0.0004277229309082031
random_1MB.bin,1048576,ECC-P256,Verification,0.0004987716674804688
random_1MB.bin,1048576,ECC-P256,Signing,0.0004570484161376953
random_1MB.bin,1048576,ECC-P256,Verification,0.0005009174346923828
random_1MB.bin,1048576,Diffie-Hellman,Key Exchange,0.002543926239013672
random_1MB.bin,1048576,Diffie-Hellman,Key Exchange,0.0028738975524902344
random_1MB.bin,1048576,Diffie-Hellman,Key Exchange,0.002515077590942383
random_1MB.bin,1048576,Diffie-Hellman,Key Exchange,0.0028228759765625
random_1MB.bin,1048576,Diffie-Hellman,Key Exchange,0.0025300979614257812
random_1MB.bin,1048576,Diffie-Hellman,Key Exchange,0.0031189918518066406
random_1MB.bin,1048576,Diffie-Hellman,Key Exchange,0.0027129650115966797
random_1MB.bin,1048576,Diffie-Hellman,Key Exchange,0.0027048587799072266
random_1MB.bin,1048576,Diffie-Hellman,Key Exchange,0.002641916275024414
random_1MB.bin,1048576,Diffie-Hellman,Key Exchange,0.0028879642486572266
random_20KB.bin,20480,RSA-2048,Encryption,0.00011897087097167969
random_20KB.bin,20480,RSA-2048,Decryption,0.0023229122161865234
random_20KB.bin,20480,RSA-2048,Encryption,7.796287536621094e-05
random_20KB.bin,20480,RSA-2048,Decryption,0.0009510517120361328
random_20KB.bin,20480,RSA-2048,Encryption,7.414817810058594e-05
random_20KB.bin,20480,RSA-2048,Decryption,0.0009489059448242188
random_20KB.bin,20480,RSA-2048,Encryption,7.390975952148438e-05
random_20KB.bin,20480,RSA-2048,Decryption,0.0009682178497314453
random_20KB.bin,20480,RSA-2048,Encryption,7.295608520507812e-05
random_20KB.bin,20480,RSA-2048,Decryption,0.0009601116180419922
random_20KB.bin,20480,RSA-2048,Encryption,7.390975952148438e-05
random_20KB.bin,20480,RSA-2048,Decryption,0.0009908676147460938
random_20KB.bin,20480,RSA-2048,Encryption,7.295608520507812e-05
random_20KB.bin,20480,RSA-2048,Decryption,0.0009601116180419922
random_20KB.bin,20480,RSA-2048,Encryption,7.295608520507812e-05
random_20KB.bin,20480,RSA-2048,Decryption,0.0009491443634033203
random_20KB.bin,20480,RSA-2048,Encryption,7.295608520507812e-05
random_20KB.bin,20480,RSA-2048,Decryption,0.0009551048278808594
random_20KB.bin,20480,RSA-2048,Encryption,7.224082946777344e-05
random_20KB.bin,20480,RSA-2048,Decryption,0.0009479522705078125
random_20KB.bin,20480,ECC-P256,Signing,0.00012302398681640625
random_20KB.bin,20480,ECC-P256,Verification,0.00011920928955078125
random_20KB.bin,20480,ECC-P256,Signing,3.886222839355469e-05
random_20KB.bin,20480,ECC-P256,Verification,0.00010991096496582031
random_20KB.bin,20480,ECC-P256,Signing,4.1961669921875e-05
random_20KB.bin,20480,ECC-P256,Verification,0.00010776519775390625
random_20KB.bin,20480,ECC-P256,Signing,4.506111145019531e-05
random_20KB.bin,20480,ECC-P256,Verification,0.00011992454528808594
random_20KB.bin,20480,ECC-P256,Signing,4.00543212890625e-05
random_20KB.bin,20480,ECC-P256,Verification,0.00010704994201660156
random_20KB.bin,20480,ECC-P256,Signing,3.981590270996094e-05
random_20KB.bin,20480,ECC-P256,Verification,0.00010609626770019531
random_20KB.bin,20480,ECC-P256,Signing,4.00543212890625e-05
random_20KB.bin,20480,ECC-P256,Verification,0.00010609626770019531
random_20KB.bin,20480,ECC-P256,Signing,3.62396240234375e-05
random_20KB.bin,20480,ECC-P256,Verification,0.0001049041748046875
random_20KB.bin,20480,ECC-P256,Signing,3.814697265625e-05
random_20KB.bin,20480,ECC-P256,Verification,0.00011014938354492188
random_20KB.bin,20480,ECC-P256,Signing,3.600120544433594e-05
random_20KB.bin,20480,ECC-P256,Verification,0.00011396408081054688
random_20KB.bin,20480,Diffie-Hellman,Key Exchange,0.002487659454345703
random_20KB.bin,20480,Diffie-Hellman,Key Exchange,0.0024738311767578125
random_20KB.bin,20480,Diffie-Hellman,Key Exchange,0.0025339126586914062
random_20KB.bin,20480,Diffie-Hellman,Key Exchange,0.0024650096893310547
random_20KB.bin,20480,Diffie-Hellman,Key Exchange,0.002803802490234375
random_20KB.bin,20480,Diffie-Hellman,Key Exchange,0.002501964569091797
random_20KB.bin,20480,Diffie-Hellman,Key Exchange,0.002599000930786133
random_20KB.bin,20480,Diffie-Hellman,Key Exchange,0.0024938583374023438
random_20KB.bin,20480,Diffie-Hellman,Key Exchange,0.002463102340698242
random_20KB.bin,20480,Diffie-Hellman,Key Exchange,0.002501964569091797
random_2KB.bin,2048,RSA-2048,Encryption,0.0002999305725097656
random_2KB.bin,2048,RSA-2048,Decryption,0.0023810863494873047
random_2KB.bin,2048,RSA-2048,Encryption,7.82012939453125e-05
random_2KB.bin,2048,RSA-2048,Decryption,0.0009677410125732422
random_2KB.bin,2048,RSA-2048,Encryption,7.605552673339844e-05
random_2KB.bin,2048,RSA-2048,Decryption,0.0010080337524414062
random_2KB.bin,2048,RSA-2048,Encryption,7.414817810058594e-05
random_2KB.bin,2048,RSA-2048,Decryption,0.001004934310913086
random_2KB.bin,2048,RSA-2048,Encryption,7.319450378417969e-05
random_2KB.bin,2048,RSA-2048,Decryption,0.00096893310546875
random_2KB.bin,2048,RSA-2048,Encryption,7.414817810058594e-05
random_2KB.bin,2048,RSA-2048,Decryption,0.0009639263153076172
random_2KB.bin,2048,RSA-2048,Encryption,7.295608520507812e-05
random_2KB.bin,2048,RSA-2048,Decryption,0.0009551048278808594
random_2KB.bin,2048,RSA-2048,Encryption,8.0108642578125e-05
random_2KB.bin,2048,RSA-2048,Decryption,0.0009789466857910156
random_2KB.bin,2048,RSA-2048,Encryption,7.295608520507812e-05
random_2KB.bin,2048,RSA-2048,Decryption,0.0010068416595458984
random_2KB.bin,2048,RSA-2048,Encryption,7.295608520507812e-05
random_2KB.bin,2048,RSA-2048,Decryption,0.001032114028930664
random_2KB.bin,2048,ECC-P256,Signing,0.0001201629638671875
random_2KB.bin,2048,ECC-P256,Verification,0.00012922286987304688
random_2KB.bin,2048,ECC-P256,Signing,3.314018249511719e-05
random_2KB.bin,2048,ECC-P256,Verification,0.00010704994201660156
random_2KB.bin,2048,ECC-P256,Signing,3.0994415283203125e-05
random_2KB.bin,2048,ECC-P256,Verification,0.00010514259338378906
random_2KB.bin,2048,ECC-P256,Signing,3.3855438232421875e-05
random_2KB.bin,2048,ECC-P256,Verification,0.000102996826171875
random_2KB.bin,2048,ECC-P256,Signing,3.0040740966796875e-05
random_2KB.bin,2048,ECC-P256,Verification,0.00011014938354492188
random_2KB.bin,2048,ECC-P256,Signing,2.8848648071289062e-05
random_2KB.bin,2048,ECC-P256,Verification,0.000102996826171875
random_2KB.bin,2048,ECC-P256,Signing,3.0040740966796875e-05
random_2KB.bin,2048,ECC-P256,Verification,0.00010204315185546875
random_2KB.bin,2048,ECC-P256,Signing,3.314018249511719e-05
random_2KB.bin,2048,ECC-P256,Verification,0.00010323524475097656
random_2KB.bin,2048,ECC-P256,Signing,2.9087066650390625e-05
random_2KB.bin,2048,ECC-P256,Verification,0.00010323524475097656
random_2KB.bin,2048,ECC-P256,Signing,2.9325485229492188e-05
random_2KB.bin,2048,ECC-P256,Verification,0.00010228157043457031
random_2KB.bin,2048,Diffie-Hellman,Key Exchange,0.002485036849975586
random_2KB.bin,2048,Diffie-Hellman,Key Exchange,0.002496004104614258
random_2KB.bin,2048,Diffie-Hellman,Key Exchange,0.0024640560150146484
random_2KB.bin,2048,Diffie-Hellman,Key Exchange,0.002470731735229492
random_2KB.bin,2048,Diffie-Hellman,Key Exchange,0.0025348663330078125
random_2KB.bin,2048,Diffie-Hellman,Key Exchange,0.0024690628051757812
random_2KB.bin,2048,Diffie-Hellman,Key Exchange,0.0024640560150146484
random_2KB.bin,2048,Diffie-Hellman,Key Exchange,0.0024809837341308594
random_2KB.bin,2048,Diffie-Hellman,Key Exchange,0.0024759769439697266
random_2KB.bin,2048,Diffie-Hellman,Key Exchange,0.0024750232696533203
random_50KB.bin,51200,RSA-2048,Encryption,0.00010633468627929688
random_50KB.bin,51200,RSA-2048,Decryption,0.0023376941680908203
random_50KB.bin,51200,RSA-2048,Encryption,7.700920104980469e-05
random_50KB.bin,51200,RSA-2048,Decryption,0.000949859619140625
random_50KB.bin,51200,RSA-2048,Encryption,7.390975952148438e-05
random_50KB.bin,51200,RSA-2048,Decryption,0.0009510517120361328
random_50KB.bin,51200,RSA-2048,Encryption,7.295608520507812e-05
random_50KB.bin,51200,RSA-2048,Decryption,0.0009541511535644531
random_50KB.bin,51200,RSA-2048,Encryption,7.82012939453125e-05
random_50KB.bin,51200,RSA-2048,Decryption,0.0009541511535644531
random_50KB.bin,51200,RSA-2048,Encryption,7.295608520507812e-05
random_50KB.bin,51200,RSA-2048,Decryption,0.0009860992431640625
random_50KB.bin,51200,RSA-2048,Encryption,7.295608520507812e-05
random_50KB.bin,51200,RSA-2048,Decryption,0.0009548664093017578
random_50KB.bin,51200,RSA-2048,Encryption,7.295608520507812e-05
random_50KB.bin,51200,RSA-2048,Decryption,0.0009491443634033203
random_50KB.bin,51200,RSA-2048,Encryption,7.176399230957031e-05
random_50KB.bin,51200,RSA-2048,Decryption,0.0009541511535644531
random_50KB.bin,51200,RSA-2048,Encryption,7.605552673339844e-05
random_50KB.bin,51200,RSA-2048,Decryption,0.0009500980377197266
random_50KB.bin,51200,ECC-P256,Signing,0.00012612342834472656
random_50KB.bin,51200,ECC-P256,Verification,0.000125885009765625
random_50KB.bin,51200,ECC-P256,Signing,5.0067901611328125e-05
random_50KB.bin,51200,ECC-P256,Verification,0.00012111663818359375
random_50KB.bin,51200,ECC-P256,Signing,4.792213439941406e-05
random_50KB.bin,51200,ECC-P256,Verification,0.00012302398681640625
random_50KB.bin,51200,ECC-P256,Signing,4.8160552978515625e-05
random_50KB.bin,51200,ECC-P256,Verification,0.00011897087097167969
random_50KB.bin,51200,ECC-P256,Signing,4.792213439941406e-05
random_50KB.bin,51200,ECC-P256,Verification,0.00011920928955078125
random_50KB.bin,51200,ECC-P256,Signing,5.078315734863281e-05
random_50KB.bin,51200,ECC-P256,Verification,0.00011801719665527344
random_50KB.bin,51200,ECC-P256,Signing,4.8160552978515625e-05
random_50KB.bin,51200,ECC-P256,Verification,0.0001220703125
random_50KB.bin,51200,ECC-P256,Signing,4.792213439941406e-05
random_50KB.bin,51200,ECC-P256,Verification,0.0001220703125
random_50KB.bin,51200,ECC-P256,Signing,4.696846008300781e-05
random_50KB.bin,51200,ECC-P256,Verification,0.00012111663818359375
random_50KB.bin,51200,ECC-P256,Signing,4.792213439941406e-05
random_50KB.bin,51200,ECC-P256,Verification,0.00011682510375976562
random_50KB.bin,51200,Diffie-Hellman,Key Exchange,0.002499103546142578
random_50KB.bin,51200,Diffie-Hellman,Key Exchange,0.0025141239166259766
random_50KB.bin,51200,Diffie-Hellman,Key Exchange,0.0024900436401367188
random_50KB.bin,51200,Diffie-Hellman,Key Exchange,0.002747774124145508
random_50KB.bin,51200,Diffie-Hellman,Key Exchange,0.002499818801879883
random_50KB.bin,51200,Diffie-Hellman,Key Exchange,0.0024771690368652344
random_50KB.bin,51200,Diffie-Hellman,Key Exchange,0.002501249313354492
random_50KB.bin,51200,Diffie-Hellman,Key Exchange,0.0024759769439697266
random_50KB.bin,51200,Diffie-Hellman,Key Exchange,0.0024938583374023438
random_50KB.bin,51200,Diffie-Hellman,Key Exchange,0.0024712085723876953
random_5KB.bin,5120,RSA-2048,Encryption,0.00013685226440429688
random_5KB.bin,5120,RSA-2048,Decryption,0.002398967742919922
random_5KB.bin,5120,RSA-2048,Encryption,8.082389831542969e-05
random_5KB.bin,5120,RSA-2048,Decryption,0.0009691715240478516
random_5KB.bin,5120,RSA-2048,Encryption,7.510185241699219e-05
random_5KB.bin,5120,RSA-2048,Decryption,0.0009670257568359375
random_5KB.bin,5120,RSA-2048,Encryption,7.295608520507812e-05
random_5KB.bin,5120,RSA-2048,Decryption,0.0009572505950927734
random_5KB.bin,5120,RSA-2048,Encryption,7.390975952148438e-05
random_5KB.bin,5120,RSA-2048,Decryption,0.0009551048278808594
random_5KB.bin,5120,RSA-2048,Encryption,7.295608520507812e-05
random_5KB.bin,5120,RSA-2048,Decryption,0.0009500980377197266
random_5KB.bin,5120,RSA-2048,Encryption,7.295608520507812e-05
random_5KB.bin,5120,RSA-2048,Decryption,0.0009481906890869141
random_5KB.bin,5120,RSA-2048,Encryption,7.700920104980469e-05
random_5KB.bin,5120,RSA-2048,Decryption,0.0009479522705078125
random_5KB.bin,5120,RSA-2048,Encryption,7.200241088867188e-05
random_5KB.bin,5120,RSA-2048,Decryption,0.0009489059448242188
random_5KB.bin,5120,RSA-2048,Encryption,7.915496826171875e-05
random_5KB.bin,5120,RSA-2048,Decryption,0.00095367431640625
random_5KB.bin,5120,ECC-P256,Signing,0.000102996826171875
random_5KB.bin,5120,ECC-P256,Verification,0.00011491775512695312
random_5KB.bin,5120,ECC-P256,Signing,3.2901763916015625e-05
random_5KB.bin,5120,ECC-P256,Verification,0.00010395050048828125
random_5KB.bin,5120,ECC-P256,Signing,3.790855407714844e-05
random_5KB.bin,5120,ECC-P256,Verification,0.00010180473327636719
random_5KB.bin,5120,ECC-P256,Signing,3.3855438232421875e-05
random_5KB.bin,5120,ECC-P256,Verification,0.0001010894775390625
random_5KB.bin,5120,ECC-P256,Signing,2.9802322387695312e-05
random_5KB.bin,5120,ECC-P256,Verification,0.0001010894775390625
random_5KB.bin,5120,ECC-P256,Signing,3.0040740966796875e-05
random_5KB.bin,5120,ECC-P256,Verification,9.989738464355469e-05
random_5KB.bin,5120,ECC-P256,Signing,3.886222839355469e-05
random_5KB.bin,5120,ECC-P256,Verification,0.00010180473327636719
random_5KB.bin,5120,ECC-P256,Signing,3.0040740966796875e-05
random_5KB.bin,5120,ECC-P256,Verification,0.0001010894775390625
random_5KB.bin,5120,ECC-P256,Signing,2.9325485229492188e-05
random_5KB.bin,5120,ECC-P256,Verification,9.989738464355469e-05
random_5KB.bin,5120,ECC-P256,Signing,2.9802322387695312e-05
random_5KB.bin,5120,ECC-P256,Verification,0.0001010894775390625
random_5KB.bin,5120,Diffie-Hellman,Key Exchange,0.002708911895751953
random_5KB.bin,5120,Diffie-Hellman,Key Exchange,0.002496004104614258
random_5KB.bin,5120,Diffie-Hellman,Key Exchange,0.002624034881591797
random_5KB.bin,5120,Diffie-Hellman,Key Exchange,0.002480030059814453
random_5KB.bin,5120,Diffie-Hellman,Key Exchange,0.0026879310607910156
random_5KB.bin,5120,Diffie-Hellman,Key Exchange,0.0024967193603515625
random_5KB.bin,5120,Diffie-Hellman,Key Exchange,0.0024709701538085938
random_5KB.bin,5120,Diffie-Hellman,Key Exchange,0.002568960189819336
random_5KB.bin,5120,Diffie-Hellman,Key Exchange,0.002507925033569336
random_5KB.bin,5120,Diffie-Hellman,Key Exchange,0.0025899410247802734
zero_filled_100KB.bin,102400,RSA-2048,Encryption,0.0001087188720703125
zero_filled_100KB.bin,102400,RSA-2048,Decryption,0.002414226531982422
zero_filled_100KB.bin,102400,RSA-2048,Encryption,9.799003601074219e-05
zero_filled_100KB.bin,102400,RSA-2048,Decryption,0.0011131763458251953
zero_filled_100KB.bin,102400,RSA-2048,Encryption,0.00010395050048828125
zero_filled_100KB.bin,102400,RSA-2048,Decryption,0.0010921955108642578
zero_filled_100KB.bin,102400,RSA-2048,Encryption,7.700920104980469e-05
zero_filled_100KB.bin,102400,RSA-2048,Decryption,0.0011458396911621094
zero_filled_100KB.bin,102400,RSA-2048,Encryption,9.489059448242188e-05
zero_filled_100KB.bin,102400,RSA-2048,Decryption,0.0010497570037841797
zero_filled_100KB.bin,102400,RSA-2048,Encryption,9.679794311523438e-05
zero_filled_100KB.bin,102400,RSA-2048,Decryption,0.0010449886322021484
zero_filled_100KB.bin,102400,RSA-2048,Encryption,7.510185241699219e-05
zero_filled_100KB.bin,102400,RSA-2048,Decryption,0.001065969467163086
zero_filled_100KB.bin,102400,RSA-2048,Encryption,8.797645568847656e-05
zero_filled_100KB.bin,102400,RSA-2048,Decryption,0.0010671615600585938
zero_filled_100KB.bin,102400,RSA-2048,Encryption,0.00012111663818359375
zero_filled_100KB.bin,102400,RSA-2048,Decryption,0.000985860824584961
zero_filled_100KB.bin,102400,RSA-2048,Encryption,7.700920104980469e-05
zero_filled_100KB.bin,102400,RSA-2048,Decryption,0.0009789466857910156
zero_filled_100KB.bin,102400,ECC-P256,Signing,0.00017309188842773438
zero_filled_100KB.bin,102400,ECC-P256,Verification,0.00017213821411132812
zero_filled_100KB.bin,102400,ECC-P256,Signing,0.000247955322265625
zero_filled_100KB.bin,102400,ECC-P256,Verification,0.0001957416534423828
zero_filled_100KB.bin,102400,ECC-P256,Signing,8.130073547363281e-05
zero_filled_100KB.bin,102400,ECC-P256,Verification,0.0001590251922607422
zero_filled_100KB.bin,102400,ECC-P256,Signing,7.200241088867188e-05
zero_filled_100KB.bin,102400,ECC-P256,Verification,0.00016117095947265625
zero_filled_100KB.bin,102400,ECC-P256,Signing,8.535385131835938e-05
zero_filled_100KB.bin,102400,ECC-P256,Verification,0.00015807151794433594
zero_filled_100KB.bin,102400,ECC-P256,Signing,7.081031799316406e-05
zero_filled_100KB.bin,102400,ECC-P256,Verification,0.00015783309936523438
zero_filled_100KB.bin,102400,ECC-P256,Signing,6.794929504394531e-05
zero_filled_100KB.bin,102400,ECC-P256,Verification,0.00013685226440429688
zero_filled_100KB.bin,102400,ECC-P256,Signing,6.604194641113281e-05
zero_filled_100KB.bin,102400,ECC-P256,Verification,0.00013899803161621094
zero_filled_100KB.bin,102400,ECC-P256,Signing,6.818771362304688e-05
zero_filled_100KB.bin,102400,ECC-P256,Verification,0.00013709068298339844
zero_filled_100KB.bin,102400,ECC-P256,Signing,6.699562072753906e-05
zero_filled_100KB.bin,102400,ECC-P256,Verification,0.0001609325408935547
zero_filled_100KB.bin,102400,Diffie-Hellman,Key Exchange,0.0025281906127929688
zero_filled_100KB.bin,102400,Diffie-Hellman,Key Exchange,0.002465963363647461
zero_filled_100KB.bin,102400,Diffie-Hellman,Key Exchange,0.0024650096893310547
zero_filled_100KB.bin,102400,Diffie-Hellman,Key Exchange,0.0024640560150146484
zero_filled_100KB.bin,102400,Diffie-Hellman,Key Exchange,0.002473115921020508
zero_filled_100KB.bin,102400,Diffie-Hellman,Key Exchange,0.0024700164794921875
zero_filled_100KB.bin,102400,Diffie-Hellman,Key Exchange,0.0024628639221191406
zero_filled_100KB.bin,102400,Diffie-Hellman,Key Exchange,0.0024671554565429688
zero_filled_100KB.bin,102400,Diffie-Hellman,Key Exchange,0.002480745315551758
zero_filled_100KB.bin,102400,Diffie-Hellman,Key Exchange,0.0024700164794921875
zero_filled_10KB.bin,10240,RSA-2048,Encryption,0.00011396408081054688
zero_filled_10KB.bin,10240,RSA-2048,Decryption,0.0023567676544189453
zero_filled_10KB.bin,10240,RSA-2048,Encryption,7.796287536621094e-05
zero_filled_10KB.bin,10240,RSA-2048,Decryption,0.000949859619140625
zero_filled_10KB.bin,10240,RSA-2048,Encryption,7.510185241699219e-05
zero_filled_10KB.bin,10240,RSA-2048,Decryption,0.0009548664093017578
zero_filled_10KB.bin,10240,RSA-2048,Encryption,7.486343383789062e-05
zero_filled_10KB.bin,10240,RSA-2048,Decryption,0.0009663105010986328
zero_filled_10KB.bin,10240,RSA-2048,Encryption,7.319450378417969e-05
zero_filled_10KB.bin,10240,RSA-2048,Decryption,0.0009481906890869141
zero_filled_10KB.bin,10240,RSA-2048,Encryption,7.319450378417969e-05
zero_filled_10KB.bin,10240,RSA-2048,Decryption,0.0009810924530029297
zero_filled_10KB.bin,10240,RSA-2048,Encryption,7.390975952148438e-05
zero_filled_10KB.bin,10240,RSA-2048,Decryption,0.0009741783142089844
zero_filled_10KB.bin,10240,RSA-2048,Encryption,7.295608520507812e-05
zero_filled_10KB.bin,10240,RSA-2048,Decryption,0.0009868144989013672
zero_filled_10KB.bin,10240,RSA-2048,Encryption,7.295608520507812e-05
zero_filled_10KB.bin,10240,RSA-2048,Decryption,0.0009589195251464844
zero_filled_10KB.bin,10240,RSA-2048,Encryption,7.295608520507812e-05
zero_filled_10KB.bin,10240,RSA-2048,Decryption,0.0009558200836181641
zero_filled_10KB.bin,10240,ECC-P256,Signing,0.000102996826171875
zero_filled_10KB.bin,10240,ECC-P256,Verification,0.00011587142944335938
zero_filled_10KB.bin,10240,ECC-P256,Signing,3.504753112792969e-05
zero_filled_10KB.bin,10240,ECC-P256,Verification,0.00010514259338378906
zero_filled_10KB.bin,10240,ECC-P256,Signing,3.1948089599609375e-05
zero_filled_10KB.bin,10240,ECC-P256,Verification,0.00010395050048828125
zero_filled_10KB.bin,10240,ECC-P256,Signing,3.2901763916015625e-05
zero_filled_10KB.bin,10240,ECC-P256,Verification,0.00010418891906738281
zero_filled_10KB.bin,10240,ECC-P256,Signing,3.2901763916015625e-05
zero_filled_10KB.bin,10240,ECC-P256,Verification,0.00011181831359863281
zero_filled_10KB.bin,10240,ECC-P256,Signing,3.1948089599609375e-05
zero_filled_10KB.bin,10240,ECC-P256,Verification,0.00010704994201660156
zero_filled_10KB.bin,10240,ECC-P256,Signing,3.1948089599609375e-05
zero_filled_10KB.bin,10240,ECC-P256,Verification,0.00010323524475097656
zero_filled_10KB.bin,10240,ECC-P256,Signing,3.218650817871094e-05
zero_filled_10KB.bin,10240,ECC-P256,Verification,0.00010704994201660156
zero_filled_10KB.bin,10240,ECC-P256,Signing,3.1948089599609375e-05
zero_filled_10KB.bin,10240,ECC-P256,Verification,0.00010204315185546875
zero_filled_10KB.bin,10240,ECC-P256,Signing,3.075599670410156e-05
zero_filled_10KB.bin,10240,ECC-P256,Verification,0.0001010894775390625
zero_filled_10KB.bin,10240,Diffie-Hellman,Key Exchange,0.0025169849395751953
zero_filled_10KB.bin,10240,Diffie-Hellman,Key Exchange,0.0024709701538085938
zero_filled_10KB.bin,10240,Diffie-Hellman,Key Exchange,0.002469778060913086
zero_filled_10KB.bin,10240,Diffie-Hellman,Key Exchange,0.002463817596435547
zero_filled_10KB.bin,10240,Diffie-Hellman,Key Exchange,0.0024619102478027344
zero_filled_10KB.bin,10240,Diffie-Hellman,Key Exchange,0.0024819374084472656
zero_filled_10KB.bin,10240,Diffie-Hellman,Key Exchange,0.0024650096893310547
zero_filled_10KB.bin,10240,Diffie-Hellman,Key Exchange,0.0024611949920654297
zero_filled_10KB.bin,10240,Diffie-Hellman,Key Exchange,0.0024650096893310547
zero_filled_10KB.bin,10240,Diffie-Hellman,Key Exchange,0.0024635791778564453
zero_filled_1KB.bin,1024,RSA-2048,Encryption,9.870529174804688e-05
zero_filled_1KB.bin,1024,RSA-2048,Decryption,0.0022902488708496094
zero_filled_1KB.bin,1024,RSA-2048,Encryption,8.225440979003906e-05
zero_filled_1KB.bin,1024,RSA-2048,Decryption,0.00096893310546875
zero_filled_1KB.bin,1024,RSA-2048,Encryption,7.414817810058594e-05
zero_filled_1KB.bin,1024,RSA-2048,Decryption,0.0009481906890869141
zero_filled_1KB.bin,1024,RSA-2048,Encryption,7.295608520507812e-05
zero_filled_1KB.bin,1024,RSA-2048,Decryption,0.000949859619140625
zero_filled_1KB.bin,1024,RSA-2048,Encryption,7.295608520507812e-05
zero_filled_1KB.bin,1024,RSA-2048,Decryption,0.0009531974792480469
zero_filled_1KB.bin,1024,RSA-2048,Encryption,7.200241088867188e-05
zero_filled_1KB.bin,1024,RSA-2048,Decryption,0.0009500980377197266
zero_filled_1KB.bin,1024,RSA-2048,Encryption,7.224082946777344e-05
zero_filled_1KB.bin,1024,RSA-2048,Decryption,0.0009467601776123047
zero_filled_1KB.bin,1024,RSA-2048,Encryption,7.200241088867188e-05
zero_filled_1KB.bin,1024,RSA-2048,Decryption,0.0009510517120361328
zero_filled_1KB.bin,1024,RSA-2048,Encryption,7.200241088867188e-05
zero_filled_1KB.bin,1024,RSA-2048,Decryption,0.0009539127349853516
zero_filled_1KB.bin,1024,RSA-2048,Encryption,7.295608520507812e-05
zero_filled_1KB.bin,1024,RSA-2048,Decryption,0.0009720325469970703
zero_filled_1KB.bin,1024,ECC-P256,Signing,9.226799011230469e-05
zero_filled_1KB.bin,1024,ECC-P256,Verification,0.00010585784912109375
zero_filled_1KB.bin,1024,ECC-P256,Signing,2.9802322387695312e-05
zero_filled_1KB.bin,1024,ECC-P256,Verification,0.000102996826171875
zero_filled_1KB.bin,1024,ECC-P256,Signing,2.8848648071289062e-05
zero_filled_1KB.bin,1024,ECC-P256,Verification,9.989738464355469e-05
zero_filled_1KB.bin,1024,ECC-P256,Signing,2.9087066650390625e-05
zero_filled_1KB.bin,1024,ECC-P256,Verification,0.00010013580322265625
zero_filled_1KB.bin,1024,ECC-P256,Signing,2.8848648071289062e-05
zero_filled_1KB.bin,1024,ECC-P256,Verification,9.894371032714844e-05
zero_filled_1KB.bin,1024,ECC-P256,Signing,2.8848648071289062e-05
zero_filled_1KB.bin,1024,ECC-P256,Verification,9.894371032714844e-05
zero_filled_1KB.bin,1024,ECC-P256,Signing,2.7894973754882812e-05
zero_filled_1KB.bin,1024,ECC-P256,Verification,9.894371032714844e-05
zero_filled_1KB.bin,1024,ECC-P256,Signing,2.8848648071289062e-05
zero_filled_1KB.bin,1024,ECC-P256,Verification,9.799003601074219e-05
zero_filled_1KB.bin,1024,ECC-P256,Signing,2.7894973754882812e-05
zero_filled_1KB.bin,1024,ECC-P256,Verification,9.775161743164062e-05
zero_filled_1KB.bin,1024,ECC-P256,Signing,2.8133392333984375e-05
zero_filled_1KB.bin,1024,ECC-P256,Verification,9.799003601074219e-05
zero_filled_1KB.bin,1024,Diffie-Hellman,Key Exchange,0.0025038719177246094
zero_filled_1KB.bin,1024,Diffie-Hellman,Key Exchange,0.002470254898071289
zero_filled_1KB.bin,1024,Diffie-Hellman,Key Exchange,0.0024671554565429688
zero_filled_1KB.bin,1024,Diffie-Hellman,Key Exchange,0.0024640560150146484
zero_filled_1KB.bin,1024,Diffie-Hellman,Key Exchange,0.002462148666381836
zero_filled_1KB.bin,1024,Diffie-Hellman,Key Exchange,0.0024657249450683594
zero_filled_1KB.bin,1024,Diffie-Hellman,Key Exchange,0.0024650096893310547
zero_filled_1KB.bin,1024,Diffie-Hellman,Key Exchange,0.0024950504302978516
zero_filled_1KB.bin,1024,Diffie-Hellman,Key Exchange,0.0024700164794921875
zero_filled_1KB.bin,1024,Diffie-Hellman,Key Exchange,0.0024628639221191406
zero_filled_1MB.bin,1048576,RSA-2048,Encryption,0.00012683868408203125
zero_filled_1MB.bin,1048576,RSA-2048,Decryption,0.0023779869079589844
zero_filled_1MB.bin,1048576,RSA-2048,Encryption,7.700920104980469e-05
zero_filled_1MB.bin,1048576,RSA-2048,Decryption,0.0009510517120361328
zero_filled_1MB.bin,1048576,RSA-2048,Encryption,7.510185241699219e-05
zero_filled_1MB.bin,1048576,RSA-2048,Decryption,0.0009500980377197266
zero_filled_1MB.bin,1048576,RSA-2048,Encryption,7.414817810058594e-05
zero_filled_1MB.bin,1048576,RSA-2048,Decryption,0.0009489059448242188
zero_filled_1MB.bin,1048576,RSA-2048,Encryption,7.295608520507812e-05
zero_filled_1MB.bin,1048576,RSA-2048,Decryption,0.0009500980377197266
zero_filled_1MB.bin,1048576,RSA-2048,Encryption,7.414817810058594e-05
zero_filled_1MB.bin,1048576,RSA-2048,Decryption,0.0009510517120361328
zero_filled_1MB.bin,1048576,RSA-2048,Encryption,7.295608520507812e-05
zero_filled_1MB.bin,1048576,RSA-2048,Decryption,0.0009469985961914062
zero_filled_1MB.bin,1048576,RSA-2048,Encryption,7.295608520507812e-05
zero_filled_1MB.bin,1048576,RSA-2048,Decryption,0.0009479522705078125
zero_filled_1MB.bin,1048576,RSA-2048,Encryption,7.295608520507812e-05
zero_filled_1MB.bin,1048576,RSA-2048,Decryption,0.0009479522705078125
zero_filled_1MB.bin,1048576,RSA-2048,Encryption,7.295608520507812e-05
zero_filled_1MB.bin,1048576,RSA-2048,Decryption,0.0009479522705078125
zero_filled_1MB.bin,1048576,ECC-P256,Signing,0.0005419254302978516
zero_filled_1MB.bin,1048576,ECC-P256,Verification,0.0005159378051757812
zero_filled_1MB.bin,1048576,ECC-P256,Signing,0.0004360675811767578
zero_filled_1MB.bin,1048576,ECC-P256,Verification,0.0005068778991699219
zero_filled_1MB.bin,1048576,ECC-P256,Signing,0.00043082237243652344
zero_filled_1MB.bin,1048576,ECC-P256,Verification,0.0005040168762207031
zero_filled_1MB.bin,1048576,ECC-P256,Signing,0.00043201446533203125
zero_filled_1MB.bin,1048576,ECC-P256,Verification,0.0004999637603759766
zero_filled_1MB.bin,1048576,ECC-P256,Signing,0.0004298686981201172
zero_filled_1MB.bin,1048576,ECC-P256,Verification,0.0004999637603759766
zero_filled_1MB.bin,1048576,ECC-P256,Signing,0.0004379749298095703
zero_filled_1MB.bin,1048576,ECC-P256,Verification,0.0005009174346923828
zero_filled_1MB.bin,1048576,ECC-P256,Signing,0.0004329681396484375
zero_filled_1MB.bin,1048576,ECC-P256,Verification,0.0004987716674804688
zero_filled_1MB.bin,1048576,ECC-P256,Signing,0.0004329681396484375
zero_filled_1MB.bin,1048576,ECC-P256,Verification,0.0004987716674804688
zero_filled_1MB.bin,1048576,ECC-P256,Signing,0.00042700767517089844
zero_filled_1MB.bin,1048576,ECC-P256,Verification,0.0005121231079101562
zero_filled_1MB.bin,1048576,ECC-P256,Signing,0.00042700767517089844
zero_filled_1MB.bin,1048576,ECC-P256,Verification,0.0004990100860595703
zero_filled_1MB.bin,1048576,Diffie-Hellman,Key Exchange,0.0024976730346679688
zero_filled_1MB.bin,1048576,Diffie-Hellman,Key Exchange,0.0024781227111816406
zero_filled_1MB.bin,1048576,Diffie-Hellman,Key Exchange,0.0024671554565429688
zero_filled_1MB.bin,1048576,Diffie-Hellman,Key Exchange,0.002474069595336914
zero_filled_1MB.bin,1048576,Diffie-Hellman,Key Exchange,0.002462148666381836
zero_filled_1MB.bin,1048576,Diffie-Hellman,Key Exchange,0.0024662017822265625
zero_filled_1MB.bin,1048576,Diffie-Hellman,Key Exchange,0.002463102340698242
zero_filled_1MB.bin,1048576,Diffie-Hellman,Key Exchange,0.0024640560150146484
zero_filled_1MB.bin,1048576,Diffie-Hellman,Key Exchange,0.002502918243408203
zero_filled_1MB.bin,1048576,Diffie-Hellman,Key Exchange,0.017376184463500977
zero_filled_20KB.bin,20480,RSA-2048,Encryption,0.00011396408081054688
zero_filled_20KB.bin,20480,RSA-2048,Decryption,0.002372264862060547
zero_filled_20KB.bin,20480,RSA-2048,Encryption,7.82012939453125e-05
zero_filled_20KB.bin,20480,RSA-2048,Decryption,0.000949859619140625
zero_filled_20KB.bin,20480,RSA-2048,Encryption,7.510185241699219e-05
zero_filled_20KB.bin,20480,RSA-2048,Decryption,0.0009558200836181641
zero_filled_20KB.bin,20480,RSA-2048,Encryption,7.510185241699219e-05
zero_filled_20KB.bin,20480,RSA-2048,Decryption,0.0009758472442626953
zero_filled_20KB.bin,20480,RSA-2048,Encryption,7.486343383789062e-05
zero_filled_20KB.bin,20480,RSA-2048,Decryption,0.00096893310546875
zero_filled_20KB.bin,20480,RSA-2048,Encryption,7.390975952148438e-05
zero_filled_20KB.bin,20480,RSA-2048,Decryption,0.000988006591796875
zero_filled_20KB.bin,20480,RSA-2048,Encryption,7.486343383789062e-05
zero_filled_20KB.bin,20480,RSA-2048,Decryption,0.0009741783142089844
zero_filled_20KB.bin,20480,RSA-2048,Encryption,7.295608520507812e-05
zero_filled_20KB.bin,20480,RSA-2048,Decryption,0.0009467601776123047
zero_filled_20KB.bin,20480,RSA-2048,Encryption,7.295608520507812e-05
zero_filled_20KB.bin,20480,RSA-2048,Decryption,0.0009500980377197266
zero_filled_20KB.bin,20480,RSA-2048,Encryption,7.319450378417969e-05
zero_filled_20KB.bin,20480,RSA-2048,Decryption,0.0009667873382568359
zero_filled_20KB.bin,20480,ECC-P256,Signing,0.00010991096496582031
zero_filled_20KB.bin,20480,ECC-P256,Verification,0.00012493133544921875
zero_filled_20KB.bin,20480,ECC-P256,Signing,3.790855407714844e-05
zero_filled_20KB.bin,20480,ECC-P256,Verification,0.00011801719665527344
zero_filled_20KB.bin,20480,ECC-P256,Signing,3.719329833984375e-05
zero_filled_20KB.bin,20480,ECC-P256,Verification,0.00010800361633300781
zero_filled_20KB.bin,20480,ECC-P256,Signing,3.719329833984375e-05
zero_filled_20KB.bin,20480,ECC-P256,Verification,0.00010824203491210938
zero_filled_20KB.bin,20480,ECC-P256,Signing,3.7670135498046875e-05
zero_filled_20KB.bin,20480,ECC-P256,Verification,0.00010704994201660156
zero_filled_20KB.bin,20480,ECC-P256,Signing,3.719329833984375e-05
zero_filled_20KB.bin,20480,ECC-P256,Verification,0.00010800361633300781
zero_filled_20KB.bin,20480,ECC-P256,Signing,4.1961669921875e-05
zero_filled_20KB.bin,20480,ECC-P256,Verification,0.00010824203491210938
zero_filled_20KB.bin,20480,ECC-P256,Signing,3.695487976074219e-05
zero_filled_20KB.bin,20480,ECC-P256,Verification,0.00010609626770019531
zero_filled_20KB.bin,20480,ECC-P256,Signing,3.4809112548828125e-05
zero_filled_20KB.bin,20480,ECC-P256,Verification,0.00012493133544921875
zero_filled_20KB.bin,20480,ECC-P256,Signing,3.62396240234375e-05
zero_filled_20KB.bin,20480,ECC-P256,Verification,0.00011110305786132812
zero_filled_20KB.bin,20480,Diffie-Hellman,Key Exchange,0.0024938583374023438
zero_filled_20KB.bin,20480,Diffie-Hellman,Key Exchange,0.002644062042236328
zero_filled_20KB.bin,20480,Diffie-Hellman,Key Exchange,0.0026912689208984375
zero_filled_20KB.bin,20480,Diffie-Hellman,Key Exchange,0.002568960189819336
zero_filled_20KB.bin,20480,Diffie-Hellman,Key Exchange,0.0027430057525634766
zero_filled_20KB.bin,20480,Diffie-Hellman,Key Exchange,0.0026350021362304688
zero_filled_20KB.bin,20480,Diffie-Hellman,Key Exchange,0.0025053024291992188
zero_filled_20KB.bin,20480,Diffie-Hellman,Key Exchange,0.002563953399658203
zero_filled_20KB.bin,20480,Diffie-Hellman,Key Exchange,0.0025489330291748047
zero_filled_20KB.bin,20480,Diffie-Hellman,Key Exchange,0.0024831295013427734
zero_filled_2KB.bin,2048,RSA-2048,Encryption,0.00010585784912109375
zero_filled_2KB.bin,2048,RSA-2048,Decryption,0.0023801326751708984
zero_filled_2KB.bin,2048,RSA-2048,Encryption,7.700920104980469e-05
zero_filled_2KB.bin,2048,RSA-2048,Decryption,0.0009531974792480469
zero_filled_2KB.bin,2048,RSA-2048,Encryption,7.605552673339844e-05
zero_filled_2KB.bin,2048,RSA-2048,Decryption,0.000949859619140625
zero_filled_2KB.bin,2048,RSA-2048,Encryption,7.295608520507812e-05
zero_filled_2KB.bin,2048,RSA-2048,Decryption,0.0009660720825195312
zero_filled_2KB.bin,2048,RSA-2048,Encryption,7.605552673339844e-05
zero_filled_2KB.bin,2048,RSA-2048,Decryption,0.0009860992431640625
zero_filled_2KB.bin,2048,RSA-2048,Encryption,8.225440979003906e-05
zero_filled_2KB.bin,2048,RSA-2048,Decryption,0.0009868144989013672
zero_filled_2KB.bin,2048,RSA-2048,Encryption,7.510185241699219e-05
zero_filled_2KB.bin,2048,RSA-2048,Decryption,0.0009808540344238281
zero_filled_2KB.bin,2048,RSA-2048,Encryption,7.510185241699219e-05
zero_filled_2KB.bin,2048,RSA-2048,Decryption,0.000982046127319336
zero_filled_2KB.bin,2048,RSA-2048,Encryption,7.486343383789062e-05
zero_filled_2KB.bin,2048,RSA-2048,Decryption,0.0009801387786865234
zero_filled_2KB.bin,2048,RSA-2048,Encryption,7.510185241699219e-05
zero_filled_2KB.bin,2048,RSA-2048,Decryption,0.0009810924530029297
zero_filled_2KB.bin,2048,ECC-P256,Signing,0.00011110305786132812
zero_filled_2KB.bin,2048,ECC-P256,Verification,0.00011110305786132812
zero_filled_2KB.bin,2048,ECC-P256,Signing,3.2901763916015625e-05
zero_filled_2KB.bin,2048,ECC-P256,Verification,0.00010585784912109375
zero_filled_2KB.bin,2048,ECC-P256,Signing,2.9802322387695312e-05
zero_filled_2KB.bin,2048,ECC-P256,Verification,0.0001049041748046875
zero_filled_2KB.bin,2048,ECC-P256,Signing,3.0994415283203125e-05
zero_filled_2KB.bin,2048,ECC-P256,Verification,0.00010228157043457031
zero_filled_2KB.bin,2048,ECC-P256,Signing,3.0040740966796875e-05
zero_filled_2KB.bin,2048,ECC-P256,Verification,0.00010204315185546875
zero_filled_2KB.bin,2048,ECC-P256,Signing,2.9802322387695312e-05
zero_filled_2KB.bin,2048,ECC-P256,Verification,0.00010323524475097656
zero_filled_2KB.bin,2048,ECC-P256,Signing,2.9802322387695312e-05
zero_filled_2KB.bin,2048,ECC-P256,Verification,0.00010228157043457031
zero_filled_2KB.bin,2048,ECC-P256,Signing,2.9802322387695312e-05
zero_filled_2KB.bin,2048,ECC-P256,Verification,0.00010323524475097656
zero_filled_2KB.bin,2048,ECC-P256,Signing,3.0040740966796875e-05
zero_filled_2KB.bin,2048,ECC-P256,Verification,0.00010204315185546875
zero_filled_2KB.bin,2048,ECC-P256,Signing,3.0040740966796875e-05
zero_filled_2KB.bin,2048,ECC-P256,Verification,0.00010204315185546875
zero_filled_2KB.bin,2048,Diffie-Hellman,Key Exchange,0.002518177032470703
zero_filled_2KB.bin,2048,Diffie-Hellman,Key Exchange,0.002471923828125
zero_filled_2KB.bin,2048,Diffie-Hellman,Key Exchange,0.002464771270751953
zero_filled_2KB.bin,2048,Diffie-Hellman,Key Exchange,0.002462148666381836
zero_filled_2KB.bin,2048,Diffie-Hellman,Key Exchange,0.0025217533111572266
zero_filled_2KB.bin,2048,Diffie-Hellman,Key Exchange,0.0024611949920654297
zero_filled_2KB.bin,2048,Diffie-Hellman,Key Exchange,0.0026857852935791016
zero_filled_2KB.bin,2048,Diffie-Hellman,Key Exchange,0.002494335174560547
zero_filled_2KB.bin,2048,Diffie-Hellman,Key Exchange,0.0025599002838134766
zero_filled_2KB.bin,2048,Diffie-Hellman,Key Exchange,0.0025000572204589844
zero_filled_50KB.bin,51200,RSA-2048,Encryption,0.0001049041748046875
zero_filled_50KB.bin,51200,RSA-2048,Decryption,0.002370119094848633
zero_filled_50KB.bin,51200,RSA-2048,Encryption,7.796287536621094e-05
zero_filled_50KB.bin,51200,RSA-2048,Decryption,0.0009670257568359375
zero_filled_50KB.bin,51200,RSA-2048,Encryption,7.510185241699219e-05
zero_filled_50KB.bin,51200,RSA-2048,Decryption,0.0009479522705078125
zero_filled_50KB.bin,51200,RSA-2048,Encryption,7.390975952148438e-05
zero_filled_50KB.bin,51200,RSA-2048,Decryption,0.0009479522705078125
zero_filled_50KB.bin,51200,RSA-2048,Encryption,7.390975952148438e-05
zero_filled_50KB.bin,51200,RSA-2048,Decryption,0.0009560585021972656
zero_filled_50KB.bin,51200,RSA-2048,Encryption,7.390975952148438e-05
zero_filled_50KB.bin,51200,RSA-2048,Decryption,0.0009698867797851562
zero_filled_50KB.bin,51200,RSA-2048,Encryption,7.390975952148438e-05
zero_filled_50KB.bin,51200,RSA-2048,Decryption,0.0009469985961914062
zero_filled_50KB.bin,51200,RSA-2048,Encryption,7.605552673339844e-05
zero_filled_50KB.bin,51200,RSA-2048,Decryption,0.0009520053863525391
zero_filled_50KB.bin,51200,RSA-2048,Encryption,7.319450378417969e-05
zero_filled_50KB.bin,51200,RSA-2048,Decryption,0.0009658336639404297
zero_filled_50KB.bin,51200,RSA-2048,Encryption,7.295608520507812e-05
zero_filled_50KB.bin,51200,RSA-2048,Decryption,0.0009539127349853516
zero_filled_50KB.bin,51200,ECC-P256,Signing,0.00011801719665527344
zero_filled_50KB.bin,51200,ECC-P256,Verification,0.0001270771026611328
zero_filled_50KB.bin,51200,ECC-P256,Signing,4.982948303222656e-05
zero_filled_50KB.bin,51200,ECC-P256,Verification,0.00012087821960449219
zero_filled_50KB.bin,51200,ECC-P256,Signing,4.9114227294921875e-05
zero_filled_50KB.bin,51200,ECC-P256,Verification,0.0001201629638671875
zero_filled_50KB.bin,51200,ECC-P256,Signing,4.792213439941406e-05
zero_filled_50KB.bin,51200,ECC-P256,Verification,0.00011897087097167969
zero_filled_50KB.bin,51200,ECC-P256,Signing,5.0067901611328125e-05
zero_filled_50KB.bin,51200,ECC-P256,Verification,0.00011801719665527344
zero_filled_50KB.bin,51200,ECC-P256,Signing,4.8160552978515625e-05
zero_filled_50KB.bin,51200,ECC-P256,Verification,0.00011801719665527344
zero_filled_50KB.bin,51200,ECC-P256,Signing,4.673004150390625e-05
zero_filled_50KB.bin,51200,ECC-P256,Verification,0.00011897087097167969
zero_filled_50KB.bin,51200,ECC-P256,Signing,4.673004150390625e-05
zero_filled_50KB.bin,51200,ECC-P256,Verification,0.0001239776611328125
zero_filled_50KB.bin,51200,ECC-P256,Signing,5.793571472167969e-05
zero_filled_50KB.bin,51200,ECC-P256,Verification,0.00012302398681640625
zero_filled_50KB.bin,51200,ECC-P256,Signing,4.8160552978515625e-05
zero_filled_50KB.bin,51200,ECC-P256,Verification,0.00012111663818359375
zero_filled_50KB.bin,51200,Diffie-Hellman,Key Exchange,0.0025200843811035156
zero_filled_50KB.bin,51200,Diffie-Hellman,Key Exchange,0.0025877952575683594
zero_filled_50KB.bin,51200,Diffie-Hellman,Key Exchange,0.002483844757080078
zero_filled_50KB.bin,51200,Diffie-Hellman,Key Exchange,0.0024728775024414062
zero_filled_50KB.bin,51200,Diffie-Hellman,Key Exchange,0.002629995346069336
zero_filled_50KB.bin,51200,Diffie-Hellman,Key Exchange,0.0025048255920410156
zero_filled_50KB.bin,51200,Diffie-Hellman,Key Exchange,0.002528667449951172
zero_filled_50KB.bin,51200,Diffie-Hellman,Key Exchange,0.0025157928466796875
zero_filled_50KB.bin,51200,Diffie-Hellman,Key Exchange,0.0025398731231689453
zero_filled_50KB.bin,51200,Diffie-Hellman,Key Exchange,0.002519845962524414
zero_filled_5KB.bin,5120,RSA-2048,Encryption,0.00011229515075683594
zero_filled_5KB.bin,5120,RSA-2048,Decryption,0.0022869110107421875
zero_filled_5KB.bin,5120,RSA-2048,Encryption,7.987022399902344e-05
zero_filled_5KB.bin,5120,RSA-2048,Decryption,0.0009541511535644531
zero_filled_5KB.bin,5120,RSA-2048,Encryption,7.390975952148438e-05
zero_filled_5KB.bin,5120,RSA-2048,Decryption,0.0009491443634033203
zero_filled_5KB.bin,5120,RSA-2048,Encryption,8.0108642578125e-05
zero_filled_5KB.bin,5120,RSA-2048,Decryption,0.0009629726409912109
zero_filled_5KB.bin,5120,RSA-2048,Encryption,7.295608520507812e-05
zero_filled_5KB.bin,5120,RSA-2048,Decryption,0.0009551048278808594
zero_filled_5KB.bin,5120,RSA-2048,Encryption,7.295608520507812e-05
zero_filled_5KB.bin,5120,RSA-2048,Decryption,0.0009479522705078125
zero_filled_5KB.bin,5120,RSA-2048,Encryption,7.295608520507812e-05
zero_filled_5KB.bin,5120,RSA-2048,Decryption,0.0009479522705078125
zero_filled_5KB.bin,5120,RSA-2048,Encryption,7.295608520507812e-05
zero_filled_5KB.bin,5120,RSA-2048,Decryption,0.0009768009185791016
zero_filled_5KB.bin,5120,RSA-2048,Encryption,7.510185241699219e-05
zero_filled_5KB.bin,5120,RSA-2048,Decryption,0.0010788440704345703
zero_filled_5KB.bin,5120,RSA-2048,Encryption,8.0108642578125e-05
zero_filled_5KB.bin,5120,RSA-2048,Decryption,0.00096893310546875
zero_filled_5KB.bin,5120,ECC-P256,Signing,0.00010323524475097656
zero_filled_5KB.bin,5120,ECC-P256,Verification,0.00011324882507324219
zero_filled_5KB.bin,5120,ECC-P256,Signing,3.1948089599609375e-05
zero_filled_5KB.bin,5120,ECC-P256,Verification,0.00010204315185546875
zero_filled_5KB.bin,5120,ECC-P256,Signing,3.0994415283203125e-05
zero_filled_5KB.bin,5120,ECC-P256,Verification,0.00010800361633300781
zero_filled_5KB.bin,5120,ECC-P256,Signing,4.100799560546875e-05
zero_filled_5KB.bin,5120,ECC-P256,Verification,0.00010085105895996094
zero_filled_5KB.bin,5120,ECC-P256,Signing,2.8848648071289062e-05
zero_filled_5KB.bin,5120,ECC-P256,Verification,9.989738464355469e-05
zero_filled_5KB.bin,5120,ECC-P256,Signing,3.0279159545898438e-05
zero_filled_5KB.bin,5120,ECC-P256,Verification,0.00010609626770019531
zero_filled_5KB.bin,5120,ECC-P256,Signing,3.504753112792969e-05
zero_filled_5KB.bin,5120,ECC-P256,Verification,0.00010395050048828125
zero_filled_5KB.bin,5120,ECC-P256,Signing,3.600120544433594e-05
zero_filled_5KB.bin,5120,ECC-P256,Verification,9.894371032714844e-05
zero_filled_5KB.bin,5120,ECC-P256,Signing,3.3855438232421875e-05
zero_filled_5KB.bin,5120,ECC-P256,Verification,0.00011205673217773438
zero_filled_5KB.bin,5120,ECC-P256,Signing,3.0040740966796875e-05
zero_filled_5KB.bin,5120,ECC-P256,Verification,0.00010013580322265625
zero_filled_5KB.bin,5120,Diffie-Hellman,Key Exchange,0.0024890899658203125
zero_filled_5KB.bin,5120,Diffie-Hellman,Key Exchange,0.0024750232696533203
zero_filled_5KB.bin,5120,Diffie-Hellman,Key Exchange,0.0024662017822265625
zero_filled_5KB.bin,5120,Diffie-Hellman,Key Exchange,0.002471923828125
zero_filled_5KB.bin,5120,Diffie-Hellman,Key Exchange,0.0024650096893310547
zero_filled_5KB.bin,5120,Diffie-Hellman,Key Exchange,0.0024619102478027344
zero_filled_5KB.bin,5120,Diffie-Hellman,Key Exchange,0.0024628639221191406
zero_filled_5KB.bin,5120,Diffie-Hellman,Key Exchange,0.0024671554565429688
zero_filled_5KB.bin,5120,Diffie-Hellman,Key Exchange,0.002485990524291992
zero_filled_5KB.bin,5120,Diffie-Hellman,Key Exchange,0.0024619102478027344
